-- MySQL dump 10.13  Distrib 9.2.0, for Win64 (x86_64)
--
-- Host: 127.0.0.1    Database: shopee_clone
-- ------------------------------------------------------
-- Server version	9.2.0

/*!40101 SET @OLD_CHARACTER_SET_CLIENT=@@CHARACTER_SET_CLIENT */;
/*!40101 SET @OLD_CHARACTER_SET_RESULTS=@@CHARACTER_SET_RESULTS */;
/*!40101 SET @OLD_COLLATION_CONNECTION=@@COLLATION_CONNECTION */;
/*!50503 SET NAMES utf8mb4 */;
/*!40103 SET @OLD_TIME_ZONE=@@TIME_ZONE */;
/*!40103 SET TIME_ZONE='+00:00' */;
/*!40014 SET @OLD_UNIQUE_CHECKS=@@UNIQUE_CHECKS, UNIQUE_CHECKS=0 */;
/*!40014 SET @OLD_FOREIGN_KEY_CHECKS=@@FOREIGN_KEY_CHECKS, FOREIGN_KEY_CHECKS=0 */;
/*!40101 SET @OLD_SQL_MODE=@@SQL_MODE, SQL_MODE='NO_AUTO_VALUE_ON_ZERO' */;
/*!40111 SET @OLD_SQL_NOTES=@@SQL_NOTES, SQL_NOTES=0 */;

--
-- Table structure for table `addresses`
--

DROP TABLE IF EXISTS `addresses`;
/*!40101 SET @saved_cs_client     = @@character_set_client */;
/*!50503 SET character_set_client = utf8mb4 */;
CREATE TABLE `addresses` (
  `id` bigint NOT NULL AUTO_INCREMENT,
  `created_at` datetime(6) DEFAULT NULL,
  `name` varchar(255) NOT NULL,
  `address_detail` varchar(255) DEFAULT NULL,
  `district_id` bigint DEFAULT NULL,
  `is_default` bit(1) DEFAULT NULL,
  `phone` varchar(255) DEFAULT NULL,
  `province_id` bigint DEFAULT NULL,
  `type` varchar(255) DEFAULT NULL,
  `ward_id` bigint DEFAULT NULL,
  `user_id` bigint NOT NULL,
  `full_address` varchar(255) DEFAULT NULL,
  PRIMARY KEY (`id`),
  KEY `FK1fa36y2oqhao3wgg2rw1pi459` (`user_id`),
  CONSTRAINT `FK1fa36y2oqhao3wgg2rw1pi459` FOREIGN KEY (`user_id`) REFERENCES `users` (`id`)
) ENGINE=InnoDB AUTO_INCREMENT=21 DEFAULT CHARSET=utf8mb4 COLLATE=utf8mb4_0900_ai_ci;
/*!40101 SET character_set_client = @saved_cs_client */;

--
-- Dumping data for table `addresses`
--

/*!40000 ALTER TABLE `addresses` DISABLE KEYS */;
INSERT INTO `addresses` VALUES (14,'2025-08-13 21:24:27.691019','Minh','test 12111',1456,0x00,'0343921331',216,'home',21509,1,'test 12111, Phường Tân Thành, Quận Tân Phú, Đồng Tháp'),(16,'2025-08-24 08:29:51.430412','Đặng Minh','1231ok',1454,0x01,'0343921331',212,'home',21209,1,'1231ok, Phường Thạnh Xuân, Quận 12, Tiền Giang'),(17,'2025-08-24 18:36:03.976945','Minh','test 121',1455,0x00,'0343921331',213,'home',21410,1,'test 121, Phường 10, Quận Tân Bình, Bến Tre'),(18,'2025-08-24 18:43:30.163256','Minh','test 121',1456,0x00,'0343921331',214,'home',21509,1,'test 121, Phường Tân Thành, Quận Tân Phú, Trà Vinh'),(19,'2025-09-12 21:00:37.085065','Minh','11',1455,0x01,'0343921331',214,'home',21411,5,'11, Phường 11, Quận Tân Bình, Trà Vinh'),(20,'2025-09-13 10:45:33.651298','Minh','Hoà Bình',1452,0x01,'0343921331',201,'home',21008,14,'Hoà Bình, Phường 8, Quận 10, Hà Nội');
/*!40000 ALTER TABLE `addresses` ENABLE KEYS */;

--
-- Table structure for table `cart_details`
--

DROP TABLE IF EXISTS `cart_details`;
/*!40101 SET @saved_cs_client     = @@character_set_client */;
/*!50503 SET character_set_client = utf8mb4 */;
CREATE TABLE `cart_details` (
  `id` bigint NOT NULL AUTO_INCREMENT,
  `quantity` int DEFAULT NULL,
  `cart_id` bigint DEFAULT NULL,
  `product_id` bigint DEFAULT NULL,
  PRIMARY KEY (`id`),
  KEY `FKkcochhsa891wv0s9wrtf36wgt` (`cart_id`),
  KEY `FK9rlic3aynl3g75jvedkx84lhv` (`product_id`),
  CONSTRAINT `FK9rlic3aynl3g75jvedkx84lhv` FOREIGN KEY (`product_id`) REFERENCES `products` (`id`),
  CONSTRAINT `FKkcochhsa891wv0s9wrtf36wgt` FOREIGN KEY (`cart_id`) REFERENCES `carts` (`id`)
) ENGINE=InnoDB AUTO_INCREMENT=199 DEFAULT CHARSET=utf8mb4 COLLATE=utf8mb4_0900_ai_ci;
/*!40101 SET character_set_client = @saved_cs_client */;

--
-- Dumping data for table `cart_details`
--

/*!40000 ALTER TABLE `cart_details` DISABLE KEYS */;
INSERT INTO `cart_details` VALUES (69,1,4,7),(70,1,4,13),(185,1,2,7);
/*!40000 ALTER TABLE `cart_details` ENABLE KEYS */;

--
-- Table structure for table `carts`
--

DROP TABLE IF EXISTS `carts`;
/*!40101 SET @saved_cs_client     = @@character_set_client */;
/*!50503 SET character_set_client = utf8mb4 */;
CREATE TABLE `carts` (
  `id` bigint NOT NULL AUTO_INCREMENT,
  `user_id` bigint DEFAULT NULL,
  PRIMARY KEY (`id`),
  UNIQUE KEY `UK64t7ox312pqal3p7fg9o503c2` (`user_id`),
  CONSTRAINT `FKb5o626f86h46m4s7ms6ginnop` FOREIGN KEY (`user_id`) REFERENCES `users` (`id`)
) ENGINE=InnoDB AUTO_INCREMENT=6 DEFAULT CHARSET=utf8mb4 COLLATE=utf8mb4_0900_ai_ci;
/*!40101 SET character_set_client = @saved_cs_client */;

--
-- Dumping data for table `carts`
--

/*!40000 ALTER TABLE `carts` DISABLE KEYS */;
INSERT INTO `carts` VALUES (2,1),(4,5),(5,14);
/*!40000 ALTER TABLE `carts` ENABLE KEYS */;

--
-- Table structure for table `categories`
--

DROP TABLE IF EXISTS `categories`;
/*!40101 SET @saved_cs_client     = @@character_set_client */;
/*!50503 SET character_set_client = utf8mb4 */;
CREATE TABLE `categories` (
  `id` bigint NOT NULL AUTO_INCREMENT,
  `created_at` datetime(6) DEFAULT NULL,
  `name` varchar(255) NOT NULL,
  PRIMARY KEY (`id`)
) ENGINE=InnoDB AUTO_INCREMENT=13 DEFAULT CHARSET=utf8mb4 COLLATE=utf8mb4_0900_ai_ci;
/*!40101 SET character_set_client = @saved_cs_client */;

--
-- Dumping data for table `categories`
--

/*!40000 ALTER TABLE `categories` DISABLE KEYS */;
INSERT INTO `categories` VALUES (3,'2025-05-19 23:45:51.112610','Máy Tính'),(4,'2025-05-19 23:45:51.118128','Đồng Hồ'),(5,'2025-05-19 23:45:51.121130','Linh kiện'),(6,'2025-05-19 23:45:51.123127','Sức khoẻ'),(7,'2025-05-19 23:45:51.124632','Quần áo'),(8,'2025-05-19 23:45:51.126638','Gia dụng'),(9,'2025-05-19 23:45:51.129146','Thời trang'),(10,'2025-05-19 23:45:51.130145','Điện Thoại'),(11,'2025-05-19 23:45:51.132144','Sách'),(12,'2025-05-19 23:45:51.133145','Dụng cụ học tập');
/*!40000 ALTER TABLE `categories` ENABLE KEYS */;

--
-- Table structure for table `order_details`
--

DROP TABLE IF EXISTS `order_details`;
/*!40101 SET @saved_cs_client     = @@character_set_client */;
/*!50503 SET character_set_client = utf8mb4 */;
CREATE TABLE `order_details` (
  `id` bigint NOT NULL AUTO_INCREMENT,
  `price` decimal(38,2) DEFAULT NULL,
  `quantity` bigint NOT NULL,
  `order_id` bigint DEFAULT NULL,
  `product_id` bigint DEFAULT NULL,
  `shop_status` enum('CANCELED','DELIVERED','PENDING','PROCESSING','RETURNED','SHIPPING') DEFAULT NULL,
  PRIMARY KEY (`id`),
  KEY `FKjyu2qbqt8gnvno9oe9j2s2ldk` (`order_id`),
  KEY `FK4q98utpd73imf4yhttm3w0eax` (`product_id`),
  CONSTRAINT `FK4q98utpd73imf4yhttm3w0eax` FOREIGN KEY (`product_id`) REFERENCES `products` (`id`),
  CONSTRAINT `FKjyu2qbqt8gnvno9oe9j2s2ldk` FOREIGN KEY (`order_id`) REFERENCES `orders` (`id`)
) ENGINE=InnoDB AUTO_INCREMENT=186 DEFAULT CHARSET=utf8mb4 COLLATE=utf8mb4_0900_ai_ci;
/*!40101 SET character_set_client = @saved_cs_client */;

--
-- Dumping data for table `order_details`
--

/*!40000 ALTER TABLE `order_details` DISABLE KEYS */;
INSERT INTO `order_details` VALUES (26,8765923.00,5,24,7,'DELIVERED'),(27,9456043.00,5,24,8,'DELIVERED'),(28,6180283.00,1,24,6,'PENDING'),(29,2331525.00,1,24,18,'SHIPPING'),(30,8765923.00,1,25,7,'DELIVERED'),(31,5826741.00,1,25,23,'DELIVERED'),(32,9456043.00,1,26,8,'DELIVERED'),(33,6293611.00,1,27,12,'PENDING'),(34,2331525.00,1,28,18,'PENDING'),(35,8765923.00,1,29,7,'PENDING'),(36,8765923.00,1,30,7,'RETURNED'),(37,7271798.00,1,31,17,'DELIVERED'),(38,8765923.00,1,32,7,'DELIVERED'),(39,9456043.00,20,33,8,'PENDING'),(40,8765923.00,2,34,7,'DELIVERED'),(41,2331525.00,1,34,18,'DELIVERED'),(42,9456043.00,1,34,8,'PENDING'),(43,9456043.00,1,35,8,'SHIPPING'),(44,6252087.00,1,35,13,'PENDING'),(45,2331525.00,1,35,18,'DELIVERED'),(46,8765923.00,1,36,7,'DELIVERED'),(47,2331525.00,1,37,18,'PENDING'),(48,6180283.00,1,38,6,'DELIVERED'),(49,1778166.00,2,39,5,'DELIVERED'),(50,2.00,1,39,60,'PENDING'),(51,6180283.00,3,40,6,'DELIVERED'),(52,6180283.00,3,41,6,'PENDING'),(53,6293611.00,1,42,12,'PENDING'),(54,6293611.00,1,43,12,'PENDING'),(55,8765923.00,1,44,7,'PENDING'),(56,6180283.00,1,45,6,'DELIVERED'),(57,8765923.00,1,46,7,'DELIVERED'),(58,6293611.00,1,47,12,'DELIVERED'),(59,6180283.00,4,48,6,'PENDING'),(60,6180283.00,1,49,6,'PENDING'),(61,7437532.00,2,50,11,'DELIVERED'),(62,8765923.00,1,51,7,'PENDING'),(63,8765923.00,1,52,7,'SHIPPING'),(64,6180283.00,3,53,6,'SHIPPING'),(65,6180283.00,3,54,6,'DELIVERED'),(66,6180283.00,3,55,6,'PENDING'),(67,6180283.00,1,56,6,'DELIVERED'),(69,8765923.00,2,58,7,'DELIVERED'),(72,6293611.00,1,61,12,'PENDING'),(73,8765923.00,1,62,7,'DELIVERED'),(75,6180283.00,1,64,6,'PENDING'),(77,8765923.00,1,66,7,'DELIVERED'),(85,6180283.00,4,71,6,'PENDING'),(86,1778166.00,3,72,5,'SHIPPING'),(110,9456043.00,1,86,8,'PENDING'),(129,6252087.00,1,101,13,'PENDING'),(149,9456043.00,1,114,8,'PENDING'),(150,2285402.00,1,114,9,'PENDING'),(164,2331525.00,2,123,18,'DELIVERED');
/*!40000 ALTER TABLE `order_details` ENABLE KEYS */;

--
-- Table structure for table `orders`
--

DROP TABLE IF EXISTS `orders`;
/*!40101 SET @saved_cs_client     = @@character_set_client */;
/*!50503 SET character_set_client = utf8mb4 */;
CREATE TABLE `orders` (
  `id` bigint NOT NULL AUTO_INCREMENT,
  `created_at` datetime(6) DEFAULT NULL,
  `receiver_address` varchar(255) DEFAULT NULL,
  `receiver_name` varchar(255) DEFAULT NULL,
  `receiver_phone` varchar(255) DEFAULT NULL,
  `status` enum('CANCELED','DELIVERED','PENDING','PROCESSING','RETURNED','SHIPPING') DEFAULT NULL,
  `user_id` bigint DEFAULT NULL,
  `code` varchar(255) NOT NULL,
  `total_price` decimal(38,2) DEFAULT NULL,
  `payment_method` tinyint DEFAULT NULL,
  PRIMARY KEY (`id`),
  KEY `FK32ql8ubntj5uh44ph9659tiih` (`user_id`),
  CONSTRAINT `FK32ql8ubntj5uh44ph9659tiih` FOREIGN KEY (`user_id`) REFERENCES `users` (`id`),
  CONSTRAINT `orders_chk_1` CHECK ((`payment_method` between 0 and 1))
) ENGINE=InnoDB AUTO_INCREMENT=133 DEFAULT CHARSET=utf8mb4 COLLATE=utf8mb4_0900_ai_ci;
/*!40101 SET character_set_client = @saved_cs_client */;

--
-- Dumping data for table `orders`
--

/*!40000 ALTER TABLE `orders` DISABLE KEYS */;
INSERT INTO `orders` VALUES (24,'2025-08-19 21:30:41.689412','Hoà Bình, Phường 5, Quận 11, Long An','Minh','0343921331','PROCESSING',1,'SP20250820-23420C',99621638.00,NULL),(25,'2025-08-23 17:11:24.924924','Hoà Bình, Phường 5, Quận 11, Long An','Minh','0343921331','PROCESSING',1,'SP20250824-BBEC50',14592664.00,NULL),(26,'2025-08-23 17:13:32.727408','Hoà Bình, Phường 5, Quận 11, Long An','Minh','0343921331','PENDING',1,'SP20250824-4CCF64',9456043.00,NULL),(27,'2025-08-23 17:30:22.215175','Hoà Bình, Phường 5, Quận 11, Long An','Minh','0343921331','PENDING',1,'SP20250824-9E8813',6293611.00,NULL),(28,'2025-08-23 17:32:50.731345','Hoà Bình, Phường 5, Quận 11, Long An','Minh','0343921331','PENDING',1,'SP20250824-193B73',2331525.00,NULL),(29,'2025-08-23 17:34:00.994324','Hoà Bình, Phường 5, Quận 11, Long An','Minh','0343921331','PROCESSING',1,'SP20250824-5CFEB2',8799923.00,NULL),(30,'2025-08-23 17:35:14.721610','Hoà Bình, Phường 5, Quận 11, Long An','Minh','0343921331','RETURNED',1,'SP20250824-A14DC0',8765923.00,NULL),(31,'2025-08-23 17:35:26.670580','Hoà Bình, Phường 5, Quận 11, Long An','Minh','0343921331','PENDING',1,'SP20250824-F187D5',7271798.00,NULL),(32,'2025-08-23 17:36:42.061232','Hoà Bình, Phường 5, Quận 11, Long An','Minh','0343921331','RETURNED',1,'SP20250824-5DC953',8765923.00,NULL),(33,'2025-08-23 17:58:39.702215','Hoà Bình, Phường 5, Quận 11, Long An','Minh','0343921331','RETURNED',1,'SP20250824-D181AD',189120860.00,NULL),(34,'2025-09-12 21:00:50.511646','11, Phường 11, Quận Tân Bình, Trà Vinh','Minh','0343921331','PENDING',5,'SP20250913-E47BBD',29353414.00,NULL),(35,'2025-09-12 21:10:01.597380','11, Phường 11, Quận Tân Bình, Trà Vinh','Minh','0343921331','PROCESSING',5,'SP20250913-F93BF5',18039655.00,NULL),(36,'2025-09-12 21:11:14.102995','11, Phường 11, Quận Tân Bình, Trà Vinh','Minh','0343921331','PENDING',5,'SP20250913-BB81D6',8799923.00,NULL),(37,'2025-09-12 21:11:37.026288','11, Phường 11, Quận Tân Bình, Trà Vinh','Minh','0343921331','PENDING',5,'SP20250913-FE00A4',2365525.00,NULL),(38,'2025-09-13 00:27:15.106186','test 121, Phường Tân Thành, Quận Tân Phú, Trà Vinh','Minh','0343921331','PENDING',1,'SP20250913-43907B',6214283.00,1),(39,'2025-09-13 00:34:52.827096','123 Đường ABC, Quận 1, TP.HCM','Nguyễn Văn A','0912345678','PENDING',1,'SP20250913-D1C580',3566334.00,0),(40,'2025-09-13 00:51:59.140041','1231ok, Phường Thạnh Xuân, Quận 12, Tiền Giang','Đặng Minh','0343921331','PENDING',1,'SP20250913-2B6988',18574849.00,0),(41,'2025-09-13 00:52:25.184820','1231ok, Phường Thạnh Xuân, Quận 12, Tiền Giang','Đặng Minh','0343921331','PENDING',1,'SP20250913-9AA06D',18574849.00,0),(42,'2025-09-13 00:54:01.802796','test 121, Phường Tân Thành, Quận Tân Phú, Trà Vinh','Minh','0343921331','PENDING',1,'SP20250913-5DF64C',6327611.00,0),(43,'2025-09-13 00:56:05.709842','test 121, Phường Tân Thành, Quận Tân Phú, Trà Vinh','Minh','0343921331','PENDING',1,'SP20250913-9AB2AD',6327611.00,0),(44,'2025-09-13 00:56:34.006238','1231ok, Phường Thạnh Xuân, Quận 12, Tiền Giang','Đặng Minh','0343921331','PENDING',1,'SP20250913-91F7C3',8799923.00,0),(45,'2025-09-13 00:58:14.263273','test 121, Phường Tân Thành, Quận Tân Phú, Trà Vinh','Minh','0343921331','PENDING',1,'SP20250913-B921D6',6214283.00,1),(46,'2025-09-13 01:04:07.113700','test 121, Phường Tân Thành, Quận Tân Phú, Trà Vinh','Minh','0343921331','PENDING',1,'SP20250913-A1A347',8799923.00,0),(47,'2025-09-13 01:04:16.860546','1231ok, Phường Thạnh Xuân, Quận 12, Tiền Giang','Đặng Minh','0343921331','PENDING',1,'SP20250913-38A842',6327611.00,1),(48,'2025-09-13 01:10:50.403324','test 121, Phường Tân Thành, Quận Tân Phú, Trà Vinh','Minh','0343921331','PENDING',1,'SP20250913-D0F722',24755132.00,1),(49,'2025-09-13 01:11:09.194593','1231ok, Phường Thạnh Xuân, Quận 12, Tiền Giang','Đặng Minh','0343921331','PENDING',1,'SP20250913-E0D0CA',6214283.00,0),(50,'2025-09-13 01:11:22.261280','1231ok, Phường Thạnh Xuân, Quận 12, Tiền Giang','Đặng Minh','0343921331','PENDING',1,'SP20250913-C4BFCA',14909064.00,1),(51,'2025-09-13 01:17:37.014357','test 121, Phường Tân Thành, Quận Tân Phú, Trà Vinh','Minh','0343921331','PENDING',1,'SP20250913-581D15',8799923.00,1),(52,'2025-09-13 01:20:38.410524','test 121, Phường Tân Thành, Quận Tân Phú, Trà Vinh','Minh','0343921331','SHIPPING',1,'SP20250913-7F98A4',8765923.00,1),(53,'2025-09-13 01:21:26.740451','1231ok, Phường Thạnh Xuân, Quận 12, Tiền Giang','Đặng Minh','0343921331','SHIPPING',1,'SP20250913-DE84DF',18540849.00,1),(54,'2025-09-13 01:29:22.198707','1231ok, Phường Thạnh Xuân, Quận 12, Tiền Giang','Đặng Minh','0343921331','PENDING',1,'SP20250913-49B5E0',18574849.00,1),(55,'2025-09-13 01:38:55.302262','1231ok, Phường Thạnh Xuân, Quận 12, Tiền Giang','Đặng Minh','0343921331','PENDING',1,'SP20250913-9156F4',18574849.00,1),(56,'2025-09-13 01:39:38.895720','1231ok, Phường Thạnh Xuân, Quận 12, Tiền Giang','Đặng Minh','0343921331','PENDING',1,'SP20250913-C37DE1',6214283.00,1),(58,'2025-09-13 01:57:34.781857','test 121, Phường Tân Thành, Quận Tân Phú, Trà Vinh','Minh','0343921331','PENDING',1,'SP20250913-026B76',17565846.00,1),(61,'2025-09-13 02:07:13.575828','1231ok, Phường Thạnh Xuân, Quận 12, Tiền Giang','Đặng Minh','0343921331','PENDING',1,'SP20250913-989223',6327611.00,0),(62,'2025-09-13 02:07:27.316351','1231ok, Phường Thạnh Xuân, Quận 12, Tiền Giang','Đặng Minh','0343921331','PENDING',1,'SP20250913-2DAAB4',8799923.00,1),(64,'2025-09-13 02:11:15.464625','test 121, Phường Tân Thành, Quận Tân Phú, Trà Vinh','Minh','0343921331','CANCELED',1,'SP20250913-F30365',6214283.00,0),(66,'2025-09-13 02:12:17.460554','1231ok, Phường Thạnh Xuân, Quận 12, Tiền Giang','Đặng Minh','0343921331','PENDING',1,'SP20250913-D7CD16',8799923.00,0),(71,'2025-09-13 10:48:09.469976','Hoà Bình, Phường 8, Quận 10, Hà Nội','Minh','0343921331','CANCELED',14,'SP20250913-7A3D5A',24755132.00,0),(72,'2025-09-13 10:50:13.109711','Hoà Bình, Phường 8, Quận 10, Hà Nội','Minh','0343921331','SHIPPING',14,'SP20250913-1809A3',5334498.00,0),(86,'2025-09-14 04:53:24.734297','Hoà Bình, Phường 8, Quận 10, Hà Nội','Minh','0343921331','PENDING',14,'SP20250914-9E627B',9490043.00,0),(101,'2025-09-14 06:22:52.433656','Hoà Bình, Phường 8, Quận 10, Hà Nội','Minh','0343921331','PENDING',14,'SP20250914-BB5AFE',6286087.00,0),(114,'2025-09-14 06:47:46.167320','Hoà Bình, Phường 8, Quận 10, Hà Nội','Minh','0343921331','PENDING',14,'SP20250914-3651AB',11775445.00,0),(123,'2025-09-18 18:16:24.515576','test 121, Phường Tân Thành, Quận Tân Phú, Trà Vinh','Minh','0343921331','DELIVERED',1,'SP20250919-791F04',4663050.00,0);
/*!40000 ALTER TABLE `orders` ENABLE KEYS */;

--
-- Table structure for table `permissions`
--

DROP TABLE IF EXISTS `permissions`;
/*!40101 SET @saved_cs_client     = @@character_set_client */;
/*!50503 SET character_set_client = utf8mb4 */;
CREATE TABLE `permissions` (
  `id` bigint NOT NULL AUTO_INCREMENT,
  `descrition` varchar(255) DEFAULT NULL,
  `method` varchar(255) DEFAULT NULL,
  `path` varchar(255) DEFAULT NULL,
  PRIMARY KEY (`id`)
) ENGINE=InnoDB AUTO_INCREMENT=103 DEFAULT CHARSET=utf8mb4 COLLATE=utf8mb4_0900_ai_ci;
/*!40101 SET character_set_client = @saved_cs_client */;

--
-- Dumping data for table `permissions`
--

/*!40000 ALTER TABLE `permissions` DISABLE KEYS */;
INSERT INTO `permissions` VALUES (1,'Xoá vai trò','DELETE','/api/v1/admin/roles'),(5,'Tạo người dùng','POST','/api/v1/admin/users'),(12,'Tạo vai trò','POST','/api/v1/admin/roles'),(14,'Lấy vai trò theo ID','GET','/api/v1/admin/roles/{id}'),(24,'Lấy danh sách các quyền','GET','/api/v1/admin/permissions'),(27,'getPermission','GET','/api/v1/admin/permissions/{id}'),(28,'putMethodName','PUT','/api/v1/admin/roles'),(29,'Lấy danh sách các vai trò','GET','/api/v1/admin/roles'),(32,'Tìm kiếm người dùng theo từ khoá','GET','/api/v1/admin/users/search'),(33,'Tạo danh sách danh mục','POST','/api/v1/admin/categories'),(34,'Xoá danh mục','DELETE','/api/v1/admin/categories'),(35,'Sửa danh mục','PUT','/api/v1/admin/categories'),(36,'Lấy danh sách danh mục','GET','/api/v1/admin/categories'),(52,'Cập nhật trạng thái cửa hàng','PUT','/api/v1/admin/shops/update-status'),(54,'Cập nhật thông tin cửa hàng','PUT','/api/v1/admin/shops/update'),(55,'Lấy danh sách đơn hàng','GET','/api/v1/admin/shops/orders'),(57,'Cập nhật  đơn hàng','PUT','/api/v1/admin/shops/orders'),(61,'Lấy danh sách sản phẩm','GET','/api/v1/admin/products'),(64,'Tạo mới sản phẩm','POST','/api/v1/admin/products'),(65,'Cập nhật sản phẩm','PUT','/api/v1/admin/products'),(66,'Tạo danh sách sản phẩm từ file Excel','POST','/api/v1/admin/products/import'),(72,'Lấy hình ảnh sản phẩm','GET','/api/v1/admin/products/images/{id}'),(75,'getAnalytics','GET','/api/v1/admin/analytics/product-overview'),(79,'Lấy danh sách đơn hàng','GET','/api/v1/admin/orders'),(82,'Lấy danh sách trạng thái đơn hàng','GET','/api/v1/admin/orders/statuses'),(86,'Lấy báo cáo doanh thu','GET','/api/v1/admin/orders/overview'),(92,'Cập nhật đơn hàng','PUT','/api/v1/admin/orders'),(95,'getMethodName','GET','/api/v1/admin/analytics/common-analytics'),(99,'getWeeklyData','GET','/api/v1/admin/analytics/weekly-data');
/*!40000 ALTER TABLE `permissions` ENABLE KEYS */;

--
-- Table structure for table `product_images`
--

DROP TABLE IF EXISTS `product_images`;
/*!40101 SET @saved_cs_client     = @@character_set_client */;
/*!50503 SET character_set_client = utf8mb4 */;
CREATE TABLE `product_images` (
  `id` bigint NOT NULL AUTO_INCREMENT,
  `image_url` longtext,
  `product_id` bigint DEFAULT NULL,
  PRIMARY KEY (`id`),
  KEY `FKqnq71xsohugpqwf3c9gxmsuy` (`product_id`),
  CONSTRAINT `FKqnq71xsohugpqwf3c9gxmsuy` FOREIGN KEY (`product_id`) REFERENCES `products` (`id`)
) ENGINE=InnoDB AUTO_INCREMENT=575 DEFAULT CHARSET=utf8mb4 COLLATE=utf8mb4_0900_ai_ci;
/*!40101 SET character_set_client = @saved_cs_client */;

--
-- Dumping data for table `product_images`
--

/*!40000 ALTER TABLE `product_images` DISABLE KEYS */;
INSERT INTO `product_images` VALUES (1,'https://res.cloudinary.com/dwjqosrrk/image/upload/v1747683292/products/wafvakrel9r1n3icrqox.jpg',5),(2,'https://res.cloudinary.com/dwjqosrrk/image/upload/v1747683293/products/yqnn5gavs9jkointo0bx.jpg',5),(3,'https://res.cloudinary.com/dwjqosrrk/image/upload/v1747683294/products/qcj1gtqycm1xp0ccodua.png',5),(4,'https://res.cloudinary.com/dwjqosrrk/image/upload/v1747683295/products/mmbemhrn7tqwlngtovtb.webp',6),(5,'https://res.cloudinary.com/dwjqosrrk/image/upload/v1747683296/products/lfompjafsxmi3nvrd2tl.jpg',7),(6,'https://res.cloudinary.com/dwjqosrrk/image/upload/v1747683297/products/rvujm48ho0nta1gp3g1q.webp',7),(7,'https://res.cloudinary.com/dwjqosrrk/image/upload/v1747683298/products/xk8qynfalxnclenkkuwt.jpg',8),(8,'https://res.cloudinary.com/dwjqosrrk/image/upload/v1747683300/products/ktq0gn8mqxs6ven5pips.jpg',8),(9,'https://res.cloudinary.com/dwjqosrrk/image/upload/v1747683301/products/itgcnxltc03tiowg1q8v.webp',8),(10,'https://res.cloudinary.com/dwjqosrrk/image/upload/v1747683302/products/hhjnlzub3onjrql8tij1.jpg',9),(11,'https://res.cloudinary.com/dwjqosrrk/image/upload/v1747683303/products/pm4ffdveuman5q7iryzd.webp',9),(12,'https://res.cloudinary.com/dwjqosrrk/image/upload/v1747683304/products/uj9emoru43uin43wwdvf.webp',10),(13,'https://res.cloudinary.com/dwjqosrrk/image/upload/v1747683305/products/xwh2chxrkfq7pyxxyiq6.webp',10),(14,'https://res.cloudinary.com/dwjqosrrk/image/upload/v1747683306/products/kyfi99xh05u0jbp5asca.jpg',11),(15,'https://res.cloudinary.com/dwjqosrrk/image/upload/v1747683307/products/zwyunw0bykpuhpimmxoe.webp',11),(16,'https://res.cloudinary.com/dwjqosrrk/image/upload/v1747683308/products/xsmu6nqj19vg8puhoji3.jpg',12),(17,'https://res.cloudinary.com/dwjqosrrk/image/upload/v1747683309/products/aovvpmyu5fewytncamqy.jpg',12),(18,'https://res.cloudinary.com/dwjqosrrk/image/upload/v1747683310/products/ks3t50irbvbkiemdq4ru.webp',12),(19,'https://res.cloudinary.com/dwjqosrrk/image/upload/v1747683996/products/cttotj6zqr08thewwjus.webp',13),(20,'https://res.cloudinary.com/dwjqosrrk/image/upload/v1747683997/products/wtznekmrdgoizdmvhut2.webp',13),(21,'https://res.cloudinary.com/dwjqosrrk/image/upload/v1747683998/products/oz3ynmvobgsw9odhqw6p.webp',13),(22,'https://res.cloudinary.com/dwjqosrrk/image/upload/v1747683999/products/p7pdfjymwrpo9eianspb.webp',14),(23,'https://res.cloudinary.com/dwjqosrrk/image/upload/v1747684000/products/upw4jhua0jdiyck1jpmr.webp',14),(24,'https://res.cloudinary.com/dwjqosrrk/image/upload/v1747684001/products/odczs9ozfvveutq0qt4r.webp',15),(25,'https://res.cloudinary.com/dwjqosrrk/image/upload/v1747684002/products/keb9wjh7sqtthfngehns.webp',15),(26,'https://res.cloudinary.com/dwjqosrrk/image/upload/v1747684003/products/tkcwttj9cwelptbamvrs.webp',15),(27,'https://res.cloudinary.com/dwjqosrrk/image/upload/v1747684004/products/foleujtdsv88sikoxmlx.webp',16),(28,'https://res.cloudinary.com/dwjqosrrk/image/upload/v1747684005/products/czxdtumlwitviarnmecg.webp',16),(29,'https://res.cloudinary.com/dwjqosrrk/image/upload/v1747684006/products/a5yhhlur3fhumvng2zrx.webp',16),(30,'https://res.cloudinary.com/dwjqosrrk/image/upload/v1747684007/products/os8j47bky5i08qrvhwn4.webp',17),(31,'https://res.cloudinary.com/dwjqosrrk/image/upload/v1747684008/products/a1v7hjxulurwr2feq1um.webp',17),(32,'https://res.cloudinary.com/dwjqosrrk/image/upload/v1747684009/products/bzmjablslbroti1pyo38.webp',17),(33,'https://res.cloudinary.com/dwjqosrrk/image/upload/v1747684010/products/y3gvcj0n6fwucwpzibmw.webp',18),(34,'https://res.cloudinary.com/dwjqosrrk/image/upload/v1747684011/products/orf7j476g4htsgxmbhvz.webp',18),(35,'https://res.cloudinary.com/dwjqosrrk/image/upload/v1747684012/products/s0ittojhg59kzystqlio.webp',18),(36,'https://res.cloudinary.com/dwjqosrrk/image/upload/v1747684013/products/bs8uspiqfs9lsxmc81gc.webp',19),(37,'https://res.cloudinary.com/dwjqosrrk/image/upload/v1747684549/products/gbf8eawhm4ufxixhha9b.webp',20),(38,'https://res.cloudinary.com/dwjqosrrk/image/upload/v1747684550/products/kmsjqvhiq6akzfirtza3.webp',21),(39,'https://res.cloudinary.com/dwjqosrrk/image/upload/v1747684551/products/hzt2hmbywz5errsy1m47.webp',21),(40,'https://res.cloudinary.com/dwjqosrrk/image/upload/v1747684552/products/n30bakvzlbtvf8bsteta.webp',21),(41,'https://res.cloudinary.com/dwjqosrrk/image/upload/v1747684553/products/yf6ks3jnslx8l4f003lk.webp',22),(42,'https://res.cloudinary.com/dwjqosrrk/image/upload/v1747684554/products/ml63qhlgydylcokhcdry.webp',22),(43,'https://res.cloudinary.com/dwjqosrrk/image/upload/v1747684555/products/xxrad8m3mubqvygtqzkr.webp',23),(44,'https://res.cloudinary.com/dwjqosrrk/image/upload/v1747684556/products/hwfk99viihjx7eyblrcx.webp',23),(45,'https://res.cloudinary.com/dwjqosrrk/image/upload/v1747684557/products/a0nv0w1coubabmtqip1v.webp',24),(46,'https://res.cloudinary.com/dwjqosrrk/image/upload/v1747684558/products/igzoi5cccfxbobtauoaw.webp',24),(47,'https://res.cloudinary.com/dwjqosrrk/image/upload/v1747684559/products/xdcishjo7kxo0je622we.webp',24),(48,'https://res.cloudinary.com/dwjqosrrk/image/upload/v1747684560/products/lympb4uprsb043nqwptx.jpg',25),(49,'https://res.cloudinary.com/dwjqosrrk/image/upload/v1747684561/products/rhaodbqu9ul8xrt27mnu.jpg',25),(50,'https://res.cloudinary.com/dwjqosrrk/image/upload/v1747684562/products/a17blqbwfpprtnpy65xp.webp',26),(51,'https://res.cloudinary.com/dwjqosrrk/image/upload/v1747684563/products/umuvqt2zviqupxmaccgx.webp',26),(83,'https://res.cloudinary.com/dwjqosrrk/image/upload/v1757498655/products/abmkrfaaw8zti9alzp0v.jpg',57),(84,'https://res.cloudinary.com/dwjqosrrk/image/upload/v1757498688/products/f9klm28tpfzmmy3rd4bz.jpg',58),(85,'https://res.cloudinary.com/dwjqosrrk/image/upload/v1757498688/products/f9klm28tpfzmmy3rd4bz.jpg',58),(89,'https://res.cloudinary.com/dwjqosrrk/image/upload/v1757499312/products/wcomulipmcbzuhryc3wj.jpg',59),(96,'https://res.cloudinary.com/dwjqosrrk/image/upload/v1757500655/products/wwo7vwlo6ohmdjwju7fs.jpg',60),(97,'https://res.cloudinary.com/dwjqosrrk/image/upload/v1758218433/products/fx1lwhuarmlyv7u5uejs.jpg',61),(98,'https://res.cloudinary.com/dwjqosrrk/image/upload/v1758218433/products/fx1lwhuarmlyv7u5uejs.jpg',61),(99,'https://res.cloudinary.com/dwjqosrrk/image/upload/v1758219957/products/h8blaugpnxormoxbjtig.png',62),(100,'https://res.cloudinary.com/dwjqosrrk/image/upload/v1758219952/products/xqifrlgzxdecw84jndub.jpg',62),(101,'https://res.cloudinary.com/dwjqosrrk/image/upload/v1758219955/products/cnbcs61c0u7wyvargjov.png',62),(102,'https://res.cloudinary.com/dwjqosrrk/image/upload/v1758219957/products/h8blaugpnxormoxbjtig.png',62),(103,'https://res.cloudinary.com/dwjqosrrk/image/upload/v1747683292/products/wafvakrel9r1n3icrqox.jpg',63),(104,'https://res.cloudinary.com/dwjqosrrk/image/upload/v1747683293/products/yqnn5gavs9jkointo0bx.jpg',63),(105,'https://res.cloudinary.com/dwjqosrrk/image/upload/v1747683294/products/qcj1gtqycm1xp0ccodua.png',63),(106,'https://res.cloudinary.com/dwjqosrrk/image/upload/v1747683295/products/mmbemhrn7tqwlngtovtb.webp',64),(107,'https://res.cloudinary.com/dwjqosrrk/image/upload/v1747683296/products/lfompjafsxmi3nvrd2tl.jpg',65),(108,'https://res.cloudinary.com/dwjqosrrk/image/upload/v1747683297/products/rvujm48ho0nta1gp3g1q.webp',65),(109,'https://res.cloudinary.com/dwjqosrrk/image/upload/v1747683298/products/xk8qynfalxnclenkkuwt.jpg',66),(110,'https://res.cloudinary.com/dwjqosrrk/image/upload/v1747683300/products/ktq0gn8mqxs6ven5pips.jpg',66),(111,'https://res.cloudinary.com/dwjqosrrk/image/upload/v1747683301/products/itgcnxltc03tiowg1q8v.webp',66),(112,'https://res.cloudinary.com/dwjqosrrk/image/upload/v1747683302/products/hhjnlzub3onjrql8tij1.jpg',67),(113,'https://res.cloudinary.com/dwjqosrrk/image/upload/v1747683303/products/pm4ffdveuman5q7iryzd.webp',67),(114,'https://res.cloudinary.com/dwjqosrrk/image/upload/v1747683304/products/uj9emoru43uin43wwdvf.webp',68),(115,'https://res.cloudinary.com/dwjqosrrk/image/upload/v1747683305/products/xwh2chxrkfq7pyxxyiq6.webp',68),(116,'https://res.cloudinary.com/dwjqosrrk/image/upload/v1747683306/products/kyfi99xh05u0jbp5asca.jpg',69),(117,'https://res.cloudinary.com/dwjqosrrk/image/upload/v1747683307/products/zwyunw0bykpuhpimmxoe.webp',69),(118,'https://res.cloudinary.com/dwjqosrrk/image/upload/v1747683308/products/xsmu6nqj19vg8puhoji3.jpg',70),(119,'https://res.cloudinary.com/dwjqosrrk/image/upload/v1747683309/products/aovvpmyu5fewytncamqy.jpg',70),(120,'https://res.cloudinary.com/dwjqosrrk/image/upload/v1747683310/products/ks3t50irbvbkiemdq4ru.webp',70),(121,'https://res.cloudinary.com/dwjqosrrk/image/upload/v1747683996/products/cttotj6zqr08thewwjus.webp',71),(122,'https://res.cloudinary.com/dwjqosrrk/image/upload/v1747683997/products/wtznekmrdgoizdmvhut2.webp',71),(123,'https://res.cloudinary.com/dwjqosrrk/image/upload/v1747683998/products/oz3ynmvobgsw9odhqw6p.webp',71),(124,'https://res.cloudinary.com/dwjqosrrk/image/upload/v1747683999/products/p7pdfjymwrpo9eianspb.webp',72),(125,'https://res.cloudinary.com/dwjqosrrk/image/upload/v1747684000/products/upw4jhua0jdiyck1jpmr.webp',72),(126,'https://res.cloudinary.com/dwjqosrrk/image/upload/v1747684001/products/odczs9ozfvveutq0qt4r.webp',73),(127,'https://res.cloudinary.com/dwjqosrrk/image/upload/v1747684002/products/keb9wjh7sqtthfngehns.webp',73),(128,'https://res.cloudinary.com/dwjqosrrk/image/upload/v1747684003/products/tkcwttj9cwelptbamvrs.webp',73),(129,'https://res.cloudinary.com/dwjqosrrk/image/upload/v1747684004/products/foleujtdsv88sikoxmlx.webp',74),(130,'https://res.cloudinary.com/dwjqosrrk/image/upload/v1747684005/products/czxdtumlwitviarnmecg.webp',74),(131,'https://res.cloudinary.com/dwjqosrrk/image/upload/v1747684006/products/a5yhhlur3fhumvng2zrx.webp',74),(132,'https://res.cloudinary.com/dwjqosrrk/image/upload/v1747684007/products/os8j47bky5i08qrvhwn4.webp',75),(133,'https://res.cloudinary.com/dwjqosrrk/image/upload/v1747684008/products/a1v7hjxulurwr2feq1um.webp',75),(134,'https://res.cloudinary.com/dwjqosrrk/image/upload/v1747684009/products/bzmjablslbroti1pyo38.webp',75),(135,'https://res.cloudinary.com/dwjqosrrk/image/upload/v1747684010/products/y3gvcj0n6fwucwpzibmw.webp',76),(136,'https://res.cloudinary.com/dwjqosrrk/image/upload/v1747684011/products/orf7j476g4htsgxmbhvz.webp',76),(137,'https://res.cloudinary.com/dwjqosrrk/image/upload/v1747684012/products/s0ittojhg59kzystqlio.webp',76),(138,'https://res.cloudinary.com/dwjqosrrk/image/upload/v1747684013/products/bs8uspiqfs9lsxmc81gc.webp',77),(139,'https://res.cloudinary.com/dwjqosrrk/image/upload/v1747684549/products/gbf8eawhm4ufxixhha9b.webp',78),(140,'https://res.cloudinary.com/dwjqosrrk/image/upload/v1747684550/products/kmsjqvhiq6akzfirtza3.webp',79),(141,'https://res.cloudinary.com/dwjqosrrk/image/upload/v1747684551/products/hzt2hmbywz5errsy1m47.webp',79),(142,'https://res.cloudinary.com/dwjqosrrk/image/upload/v1747684552/products/n30bakvzlbtvf8bsteta.webp',79),(143,'https://res.cloudinary.com/dwjqosrrk/image/upload/v1747684553/products/yf6ks3jnslx8l4f003lk.webp',80),(144,'https://res.cloudinary.com/dwjqosrrk/image/upload/v1747684554/products/ml63qhlgydylcokhcdry.webp',80),(145,'https://res.cloudinary.com/dwjqosrrk/image/upload/v1747684555/products/xxrad8m3mubqvygtqzkr.webp',81),(146,'https://res.cloudinary.com/dwjqosrrk/image/upload/v1747684556/products/hwfk99viihjx7eyblrcx.webp',81),(147,'https://res.cloudinary.com/dwjqosrrk/image/upload/v1747684557/products/a0nv0w1coubabmtqip1v.webp',82),(148,'https://res.cloudinary.com/dwjqosrrk/image/upload/v1747684558/products/igzoi5cccfxbobtauoaw.webp',82),(149,'https://res.cloudinary.com/dwjqosrrk/image/upload/v1747684559/products/xdcishjo7kxo0je622we.webp',82),(150,'https://res.cloudinary.com/dwjqosrrk/image/upload/v1747684560/products/lympb4uprsb043nqwptx.jpg',83),(151,'https://res.cloudinary.com/dwjqosrrk/image/upload/v1747684561/products/rhaodbqu9ul8xrt27mnu.jpg',83),(152,'https://res.cloudinary.com/dwjqosrrk/image/upload/v1747684562/products/a17blqbwfpprtnpy65xp.webp',84),(153,'https://res.cloudinary.com/dwjqosrrk/image/upload/v1747684563/products/umuvqt2zviqupxmaccgx.webp',84),(154,'https://res.cloudinary.com/dwjqosrrk/image/upload/v1747684553/products/yf6ks3jnslx8l4f003lk.webp',85),(155,'https://res.cloudinary.com/dwjqosrrk/image/upload/v1747684554/products/ml63qhlgydylcokhcdry.webp',85),(156,'https://res.cloudinary.com/dwjqosrrk/image/upload/v1747684555/products/xxrad8m3mubqvygtqzkr.webp',86),(157,'https://res.cloudinary.com/dwjqosrrk/image/upload/v1747684556/products/hwfk99viihjx7eyblrcx.webp',86),(158,'https://res.cloudinary.com/dwjqosrrk/image/upload/v1747684557/products/a0nv0w1coubabmtqip1v.webp',87),(159,'https://res.cloudinary.com/dwjqosrrk/image/upload/v1747684558/products/igzoi5cccfxbobtauoaw.webp',87),(160,'https://res.cloudinary.com/dwjqosrrk/image/upload/v1747684559/products/xdcishjo7kxo0je622we.webp',87),(161,'https://res.cloudinary.com/dwjqosrrk/image/upload/v1747684560/products/lympb4uprsb043nqwptx.jpg',88),(162,'https://res.cloudinary.com/dwjqosrrk/image/upload/v1747684561/products/rhaodbqu9ul8xrt27mnu.jpg',88),(163,'https://res.cloudinary.com/dwjqosrrk/image/upload/v1747684562/products/a17blqbwfpprtnpy65xp.webp',89),(164,'https://res.cloudinary.com/dwjqosrrk/image/upload/v1747684563/products/umuvqt2zviqupxmaccgx.webp',89),(165,'https://res.cloudinary.com/dwjqosrrk/image/upload/v1747684553/products/yf6ks3jnslx8l4f003lk.webp',90),(166,'https://res.cloudinary.com/dwjqosrrk/image/upload/v1747684554/products/ml63qhlgydylcokhcdry.webp',90),(167,'https://res.cloudinary.com/dwjqosrrk/image/upload/v1747684555/products/xxrad8m3mubqvygtqzkr.webp',91),(168,'https://res.cloudinary.com/dwjqosrrk/image/upload/v1747684556/products/hwfk99viihjx7eyblrcx.webp',91),(169,'https://res.cloudinary.com/dwjqosrrk/image/upload/v1747684557/products/a0nv0w1coubabmtqip1v.webp',92),(170,'https://res.cloudinary.com/dwjqosrrk/image/upload/v1747684558/products/igzoi5cccfxbobtauoaw.webp',92),(171,'https://res.cloudinary.com/dwjqosrrk/image/upload/v1747684559/products/xdcishjo7kxo0je622we.webp',92),(172,'https://res.cloudinary.com/dwjqosrrk/image/upload/v1747684560/products/lympb4uprsb043nqwptx.jpg',93),(173,'https://res.cloudinary.com/dwjqosrrk/image/upload/v1747684561/products/rhaodbqu9ul8xrt27mnu.jpg',93),(174,'https://res.cloudinary.com/dwjqosrrk/image/upload/v1747684562/products/a17blqbwfpprtnpy65xp.webp',94),(175,'https://res.cloudinary.com/dwjqosrrk/image/upload/v1747684563/products/umuvqt2zviqupxmaccgx.webp',94),(176,'https://res.cloudinary.com/dwjqosrrk/image/upload/v1747683996/products/cttotj6zqr08thewwjus.webp',95),(177,'https://res.cloudinary.com/dwjqosrrk/image/upload/v1747683997/products/wtznekmrdgoizdmvhut2.webp',95),(178,'https://res.cloudinary.com/dwjqosrrk/image/upload/v1747683998/products/oz3ynmvobgsw9odhqw6p.webp',95),(179,'https://res.cloudinary.com/dwjqosrrk/image/upload/v1747683999/products/p7pdfjymwrpo9eianspb.webp',96),(180,'https://res.cloudinary.com/dwjqosrrk/image/upload/v1747684000/products/upw4jhua0jdiyck1jpmr.webp',96),(181,'https://res.cloudinary.com/dwjqosrrk/image/upload/v1747684001/products/odczs9ozfvveutq0qt4r.webp',97),(182,'https://res.cloudinary.com/dwjqosrrk/image/upload/v1747684002/products/keb9wjh7sqtthfngehns.webp',97),(183,'https://res.cloudinary.com/dwjqosrrk/image/upload/v1747684003/products/tkcwttj9cwelptbamvrs.webp',97),(184,'https://res.cloudinary.com/dwjqosrrk/image/upload/v1747684004/products/foleujtdsv88sikoxmlx.webp',98),(185,'https://res.cloudinary.com/dwjqosrrk/image/upload/v1747684005/products/czxdtumlwitviarnmecg.webp',98),(186,'https://res.cloudinary.com/dwjqosrrk/image/upload/v1747684006/products/a5yhhlur3fhumvng2zrx.webp',98),(187,'https://res.cloudinary.com/dwjqosrrk/image/upload/v1747684007/products/os8j47bky5i08qrvhwn4.webp',99),(188,'https://res.cloudinary.com/dwjqosrrk/image/upload/v1747684008/products/a1v7hjxulurwr2feq1um.webp',99),(189,'https://res.cloudinary.com/dwjqosrrk/image/upload/v1747684009/products/bzmjablslbroti1pyo38.webp',99),(190,'https://res.cloudinary.com/dwjqosrrk/image/upload/v1747684010/products/y3gvcj0n6fwucwpzibmw.webp',100),(191,'https://res.cloudinary.com/dwjqosrrk/image/upload/v1747684011/products/orf7j476g4htsgxmbhvz.webp',100),(192,'https://res.cloudinary.com/dwjqosrrk/image/upload/v1747684012/products/s0ittojhg59kzystqlio.webp',100),(193,'https://res.cloudinary.com/dwjqosrrk/image/upload/v1747684013/products/bs8uspiqfs9lsxmc81gc.webp',101),(194,'https://res.cloudinary.com/dwjqosrrk/image/upload/v1747683996/products/cttotj6zqr08thewwjus.webp',102),(195,'https://res.cloudinary.com/dwjqosrrk/image/upload/v1747683997/products/wtznekmrdgoizdmvhut2.webp',102),(196,'https://res.cloudinary.com/dwjqosrrk/image/upload/v1747683998/products/oz3ynmvobgsw9odhqw6p.webp',102),(197,'https://res.cloudinary.com/dwjqosrrk/image/upload/v1747683999/products/p7pdfjymwrpo9eianspb.webp',103),(198,'https://res.cloudinary.com/dwjqosrrk/image/upload/v1747684000/products/upw4jhua0jdiyck1jpmr.webp',103),(199,'https://res.cloudinary.com/dwjqosrrk/image/upload/v1747684001/products/odczs9ozfvveutq0qt4r.webp',104),(200,'https://res.cloudinary.com/dwjqosrrk/image/upload/v1747684002/products/keb9wjh7sqtthfngehns.webp',104),(201,'https://res.cloudinary.com/dwjqosrrk/image/upload/v1747684003/products/tkcwttj9cwelptbamvrs.webp',104),(202,'https://res.cloudinary.com/dwjqosrrk/image/upload/v1747684004/products/foleujtdsv88sikoxmlx.webp',105),(203,'https://res.cloudinary.com/dwjqosrrk/image/upload/v1747684005/products/czxdtumlwitviarnmecg.webp',105),(204,'https://res.cloudinary.com/dwjqosrrk/image/upload/v1747684006/products/a5yhhlur3fhumvng2zrx.webp',105),(205,'https://res.cloudinary.com/dwjqosrrk/image/upload/v1747684007/products/os8j47bky5i08qrvhwn4.webp',106),(206,'https://res.cloudinary.com/dwjqosrrk/image/upload/v1747684008/products/a1v7hjxulurwr2feq1um.webp',106),(207,'https://res.cloudinary.com/dwjqosrrk/image/upload/v1747684009/products/bzmjablslbroti1pyo38.webp',106),(208,'https://res.cloudinary.com/dwjqosrrk/image/upload/v1747684010/products/y3gvcj0n6fwucwpzibmw.webp',107),(209,'https://res.cloudinary.com/dwjqosrrk/image/upload/v1747684011/products/orf7j476g4htsgxmbhvz.webp',107),(210,'https://res.cloudinary.com/dwjqosrrk/image/upload/v1747684012/products/s0ittojhg59kzystqlio.webp',107),(211,'https://res.cloudinary.com/dwjqosrrk/image/upload/v1747684013/products/bs8uspiqfs9lsxmc81gc.webp',108),(212,'https://res.cloudinary.com/dwjqosrrk/image/upload/v1747683292/products/wafvakrel9r1n3icrqox.jpg',109),(213,'https://res.cloudinary.com/dwjqosrrk/image/upload/v1747683293/products/yqnn5gavs9jkointo0bx.jpg',109),(214,'https://res.cloudinary.com/dwjqosrrk/image/upload/v1747683294/products/qcj1gtqycm1xp0ccodua.png',109),(215,'https://res.cloudinary.com/dwjqosrrk/image/upload/v1747683295/products/mmbemhrn7tqwlngtovtb.webp',110),(216,'https://res.cloudinary.com/dwjqosrrk/image/upload/v1747683296/products/lfompjafsxmi3nvrd2tl.jpg',111),(217,'https://res.cloudinary.com/dwjqosrrk/image/upload/v1747683297/products/rvujm48ho0nta1gp3g1q.webp',111),(218,'https://res.cloudinary.com/dwjqosrrk/image/upload/v1747683298/products/xk8qynfalxnclenkkuwt.jpg',112),(219,'https://res.cloudinary.com/dwjqosrrk/image/upload/v1747683300/products/ktq0gn8mqxs6ven5pips.jpg',112),(220,'https://res.cloudinary.com/dwjqosrrk/image/upload/v1747683301/products/itgcnxltc03tiowg1q8v.webp',112),(221,'https://res.cloudinary.com/dwjqosrrk/image/upload/v1747683302/products/hhjnlzub3onjrql8tij1.jpg',113),(222,'https://res.cloudinary.com/dwjqosrrk/image/upload/v1747683303/products/pm4ffdveuman5q7iryzd.webp',113),(223,'https://res.cloudinary.com/dwjqosrrk/image/upload/v1747683304/products/uj9emoru43uin43wwdvf.webp',114),(224,'https://res.cloudinary.com/dwjqosrrk/image/upload/v1747683305/products/xwh2chxrkfq7pyxxyiq6.webp',114),(225,'https://res.cloudinary.com/dwjqosrrk/image/upload/v1747683306/products/kyfi99xh05u0jbp5asca.jpg',115),(226,'https://res.cloudinary.com/dwjqosrrk/image/upload/v1747683307/products/zwyunw0bykpuhpimmxoe.webp',115),(227,'https://res.cloudinary.com/dwjqosrrk/image/upload/v1747683308/products/xsmu6nqj19vg8puhoji3.jpg',116),(228,'https://res.cloudinary.com/dwjqosrrk/image/upload/v1747683309/products/aovvpmyu5fewytncamqy.jpg',116),(229,'https://res.cloudinary.com/dwjqosrrk/image/upload/v1747683310/products/ks3t50irbvbkiemdq4ru.webp',116),(230,'https://res.cloudinary.com/dwjqosrrk/image/upload/v1747683292/products/wafvakrel9r1n3icrqox.jpg',117),(231,'https://res.cloudinary.com/dwjqosrrk/image/upload/v1747683293/products/yqnn5gavs9jkointo0bx.jpg',117),(232,'https://res.cloudinary.com/dwjqosrrk/image/upload/v1747683294/products/qcj1gtqycm1xp0ccodua.png',117),(233,'https://res.cloudinary.com/dwjqosrrk/image/upload/v1747683295/products/mmbemhrn7tqwlngtovtb.webp',118),(234,'https://res.cloudinary.com/dwjqosrrk/image/upload/v1747683296/products/lfompjafsxmi3nvrd2tl.jpg',119),(235,'https://res.cloudinary.com/dwjqosrrk/image/upload/v1747683297/products/rvujm48ho0nta1gp3g1q.webp',119),(236,'https://res.cloudinary.com/dwjqosrrk/image/upload/v1747683298/products/xk8qynfalxnclenkkuwt.jpg',120),(237,'https://res.cloudinary.com/dwjqosrrk/image/upload/v1747683300/products/ktq0gn8mqxs6ven5pips.jpg',120),(238,'https://res.cloudinary.com/dwjqosrrk/image/upload/v1747683301/products/itgcnxltc03tiowg1q8v.webp',120),(239,'https://res.cloudinary.com/dwjqosrrk/image/upload/v1747683302/products/hhjnlzub3onjrql8tij1.jpg',121),(240,'https://res.cloudinary.com/dwjqosrrk/image/upload/v1747683303/products/pm4ffdveuman5q7iryzd.webp',121),(241,'https://res.cloudinary.com/dwjqosrrk/image/upload/v1747683304/products/uj9emoru43uin43wwdvf.webp',122),(242,'https://res.cloudinary.com/dwjqosrrk/image/upload/v1747683305/products/xwh2chxrkfq7pyxxyiq6.webp',122),(243,'https://res.cloudinary.com/dwjqosrrk/image/upload/v1747683306/products/kyfi99xh05u0jbp5asca.jpg',123),(244,'https://res.cloudinary.com/dwjqosrrk/image/upload/v1747683307/products/zwyunw0bykpuhpimmxoe.webp',123),(245,'https://res.cloudinary.com/dwjqosrrk/image/upload/v1747683308/products/xsmu6nqj19vg8puhoji3.jpg',124),(246,'https://res.cloudinary.com/dwjqosrrk/image/upload/v1747683309/products/aovvpmyu5fewytncamqy.jpg',124),(247,'https://res.cloudinary.com/dwjqosrrk/image/upload/v1747683310/products/ks3t50irbvbkiemdq4ru.webp',124),(248,'https://res.cloudinary.com/dwjqosrrk/image/upload/v1747683292/products/wafvakrel9r1n3icrqox.jpg',125),(249,'https://res.cloudinary.com/dwjqosrrk/image/upload/v1747683293/products/yqnn5gavs9jkointo0bx.jpg',125),(250,'https://res.cloudinary.com/dwjqosrrk/image/upload/v1747683294/products/qcj1gtqycm1xp0ccodua.png',125),(251,'https://res.cloudinary.com/dwjqosrrk/image/upload/v1747683295/products/mmbemhrn7tqwlngtovtb.webp',126),(252,'https://res.cloudinary.com/dwjqosrrk/image/upload/v1747683296/products/lfompjafsxmi3nvrd2tl.jpg',127),(253,'https://res.cloudinary.com/dwjqosrrk/image/upload/v1747683297/products/rvujm48ho0nta1gp3g1q.webp',127),(254,'https://res.cloudinary.com/dwjqosrrk/image/upload/v1747683298/products/xk8qynfalxnclenkkuwt.jpg',128),(255,'https://res.cloudinary.com/dwjqosrrk/image/upload/v1747683300/products/ktq0gn8mqxs6ven5pips.jpg',128),(256,'https://res.cloudinary.com/dwjqosrrk/image/upload/v1747683301/products/itgcnxltc03tiowg1q8v.webp',128),(257,'https://res.cloudinary.com/dwjqosrrk/image/upload/v1747683302/products/hhjnlzub3onjrql8tij1.jpg',129),(258,'https://res.cloudinary.com/dwjqosrrk/image/upload/v1747683303/products/pm4ffdveuman5q7iryzd.webp',129),(259,'https://res.cloudinary.com/dwjqosrrk/image/upload/v1747683304/products/uj9emoru43uin43wwdvf.webp',130),(260,'https://res.cloudinary.com/dwjqosrrk/image/upload/v1747683305/products/xwh2chxrkfq7pyxxyiq6.webp',130),(261,'https://res.cloudinary.com/dwjqosrrk/image/upload/v1747683306/products/kyfi99xh05u0jbp5asca.jpg',131),(262,'https://res.cloudinary.com/dwjqosrrk/image/upload/v1747683307/products/zwyunw0bykpuhpimmxoe.webp',131),(263,'https://res.cloudinary.com/dwjqosrrk/image/upload/v1747683308/products/xsmu6nqj19vg8puhoji3.jpg',132),(264,'https://res.cloudinary.com/dwjqosrrk/image/upload/v1747683309/products/aovvpmyu5fewytncamqy.jpg',132),(265,'https://res.cloudinary.com/dwjqosrrk/image/upload/v1747683310/products/ks3t50irbvbkiemdq4ru.webp',132),(266,'https://res.cloudinary.com/dwjqosrrk/image/upload/v1747684549/products/gbf8eawhm4ufxixhha9b.webp',133),(267,'https://res.cloudinary.com/dwjqosrrk/image/upload/v1747684550/products/kmsjqvhiq6akzfirtza3.webp',134),(268,'https://res.cloudinary.com/dwjqosrrk/image/upload/v1747684551/products/hzt2hmbywz5errsy1m47.webp',134),(269,'https://res.cloudinary.com/dwjqosrrk/image/upload/v1747684552/products/n30bakvzlbtvf8bsteta.webp',134),(270,'https://res.cloudinary.com/dwjqosrrk/image/upload/v1747684553/products/yf6ks3jnslx8l4f003lk.webp',135),(271,'https://res.cloudinary.com/dwjqosrrk/image/upload/v1747684554/products/ml63qhlgydylcokhcdry.webp',135),(272,'https://res.cloudinary.com/dwjqosrrk/image/upload/v1747684555/products/xxrad8m3mubqvygtqzkr.webp',136),(273,'https://res.cloudinary.com/dwjqosrrk/image/upload/v1747684556/products/hwfk99viihjx7eyblrcx.webp',136),(274,'https://res.cloudinary.com/dwjqosrrk/image/upload/v1747684557/products/a0nv0w1coubabmtqip1v.webp',137),(275,'https://res.cloudinary.com/dwjqosrrk/image/upload/v1747684558/products/igzoi5cccfxbobtauoaw.webp',137),(276,'https://res.cloudinary.com/dwjqosrrk/image/upload/v1747684559/products/xdcishjo7kxo0je622we.webp',137),(277,'https://res.cloudinary.com/dwjqosrrk/image/upload/v1747684560/products/lympb4uprsb043nqwptx.jpg',138),(278,'https://res.cloudinary.com/dwjqosrrk/image/upload/v1747684561/products/rhaodbqu9ul8xrt27mnu.jpg',138),(279,'https://res.cloudinary.com/dwjqosrrk/image/upload/v1747684562/products/a17blqbwfpprtnpy65xp.webp',139),(280,'https://res.cloudinary.com/dwjqosrrk/image/upload/v1747684563/products/umuvqt2zviqupxmaccgx.webp',139),(281,'https://res.cloudinary.com/dwjqosrrk/image/upload/v1747684553/products/yf6ks3jnslx8l4f003lk.webp',140),(282,'https://res.cloudinary.com/dwjqosrrk/image/upload/v1747684554/products/ml63qhlgydylcokhcdry.webp',140),(283,'https://res.cloudinary.com/dwjqosrrk/image/upload/v1747684555/products/xxrad8m3mubqvygtqzkr.webp',141),(284,'https://res.cloudinary.com/dwjqosrrk/image/upload/v1747684556/products/hwfk99viihjx7eyblrcx.webp',141),(285,'https://res.cloudinary.com/dwjqosrrk/image/upload/v1747684557/products/a0nv0w1coubabmtqip1v.webp',142),(286,'https://res.cloudinary.com/dwjqosrrk/image/upload/v1747684558/products/igzoi5cccfxbobtauoaw.webp',142),(287,'https://res.cloudinary.com/dwjqosrrk/image/upload/v1747684559/products/xdcishjo7kxo0je622we.webp',142),(288,'https://res.cloudinary.com/dwjqosrrk/image/upload/v1747684560/products/lympb4uprsb043nqwptx.jpg',143),(289,'https://res.cloudinary.com/dwjqosrrk/image/upload/v1747684561/products/rhaodbqu9ul8xrt27mnu.jpg',143),(290,'https://res.cloudinary.com/dwjqosrrk/image/upload/v1747684562/products/a17blqbwfpprtnpy65xp.webp',144),(291,'https://res.cloudinary.com/dwjqosrrk/image/upload/v1747684563/products/umuvqt2zviqupxmaccgx.webp',144),(292,'https://res.cloudinary.com/dwjqosrrk/image/upload/v1747684553/products/yf6ks3jnslx8l4f003lk.webp',145),(293,'https://res.cloudinary.com/dwjqosrrk/image/upload/v1747684554/products/ml63qhlgydylcokhcdry.webp',145),(294,'https://res.cloudinary.com/dwjqosrrk/image/upload/v1747684555/products/xxrad8m3mubqvygtqzkr.webp',146),(295,'https://res.cloudinary.com/dwjqosrrk/image/upload/v1747684556/products/hwfk99viihjx7eyblrcx.webp',146),(296,'https://res.cloudinary.com/dwjqosrrk/image/upload/v1747684557/products/a0nv0w1coubabmtqip1v.webp',147),(297,'https://res.cloudinary.com/dwjqosrrk/image/upload/v1747684558/products/igzoi5cccfxbobtauoaw.webp',147),(298,'https://res.cloudinary.com/dwjqosrrk/image/upload/v1747684559/products/xdcishjo7kxo0je622we.webp',147),(299,'https://res.cloudinary.com/dwjqosrrk/image/upload/v1747684560/products/lympb4uprsb043nqwptx.jpg',148),(300,'https://res.cloudinary.com/dwjqosrrk/image/upload/v1747684561/products/rhaodbqu9ul8xrt27mnu.jpg',148),(301,'https://res.cloudinary.com/dwjqosrrk/image/upload/v1747684562/products/a17blqbwfpprtnpy65xp.webp',149),(302,'https://res.cloudinary.com/dwjqosrrk/image/upload/v1747684563/products/umuvqt2zviqupxmaccgx.webp',149),(303,'https://res.cloudinary.com/dwjqosrrk/image/upload/v1747683292/products/wafvakrel9r1n3icrqox.jpg',150),(304,'https://res.cloudinary.com/dwjqosrrk/image/upload/v1747683293/products/yqnn5gavs9jkointo0bx.jpg',150),(305,'https://res.cloudinary.com/dwjqosrrk/image/upload/v1747683294/products/qcj1gtqycm1xp0ccodua.png',150),(306,'https://res.cloudinary.com/dwjqosrrk/image/upload/v1747683295/products/mmbemhrn7tqwlngtovtb.webp',151),(307,'https://res.cloudinary.com/dwjqosrrk/image/upload/v1747683296/products/lfompjafsxmi3nvrd2tl.jpg',152),(308,'https://res.cloudinary.com/dwjqosrrk/image/upload/v1747683297/products/rvujm48ho0nta1gp3g1q.webp',152),(309,'https://res.cloudinary.com/dwjqosrrk/image/upload/v1747683298/products/xk8qynfalxnclenkkuwt.jpg',153),(310,'https://res.cloudinary.com/dwjqosrrk/image/upload/v1747683300/products/ktq0gn8mqxs6ven5pips.jpg',153),(311,'https://res.cloudinary.com/dwjqosrrk/image/upload/v1747683301/products/itgcnxltc03tiowg1q8v.webp',153),(312,'https://res.cloudinary.com/dwjqosrrk/image/upload/v1747683302/products/hhjnlzub3onjrql8tij1.jpg',154),(313,'https://res.cloudinary.com/dwjqosrrk/image/upload/v1747683303/products/pm4ffdveuman5q7iryzd.webp',154),(314,'https://res.cloudinary.com/dwjqosrrk/image/upload/v1747683304/products/uj9emoru43uin43wwdvf.webp',155),(315,'https://res.cloudinary.com/dwjqosrrk/image/upload/v1747683305/products/xwh2chxrkfq7pyxxyiq6.webp',155),(316,'https://res.cloudinary.com/dwjqosrrk/image/upload/v1747683306/products/kyfi99xh05u0jbp5asca.jpg',156),(317,'https://res.cloudinary.com/dwjqosrrk/image/upload/v1747683307/products/zwyunw0bykpuhpimmxoe.webp',156),(318,'https://res.cloudinary.com/dwjqosrrk/image/upload/v1747683308/products/xsmu6nqj19vg8puhoji3.jpg',157),(319,'https://res.cloudinary.com/dwjqosrrk/image/upload/v1747683309/products/aovvpmyu5fewytncamqy.jpg',157),(320,'https://res.cloudinary.com/dwjqosrrk/image/upload/v1747683310/products/ks3t50irbvbkiemdq4ru.webp',157),(321,'https://res.cloudinary.com/dwjqosrrk/image/upload/v1747683996/products/cttotj6zqr08thewwjus.webp',158),(322,'https://res.cloudinary.com/dwjqosrrk/image/upload/v1747683997/products/wtznekmrdgoizdmvhut2.webp',158),(323,'https://res.cloudinary.com/dwjqosrrk/image/upload/v1747683998/products/oz3ynmvobgsw9odhqw6p.webp',158),(324,'https://res.cloudinary.com/dwjqosrrk/image/upload/v1747683999/products/p7pdfjymwrpo9eianspb.webp',159),(325,'https://res.cloudinary.com/dwjqosrrk/image/upload/v1747684000/products/upw4jhua0jdiyck1jpmr.webp',159),(326,'https://res.cloudinary.com/dwjqosrrk/image/upload/v1747684001/products/odczs9ozfvveutq0qt4r.webp',160),(327,'https://res.cloudinary.com/dwjqosrrk/image/upload/v1747684002/products/keb9wjh7sqtthfngehns.webp',160),(328,'https://res.cloudinary.com/dwjqosrrk/image/upload/v1747684003/products/tkcwttj9cwelptbamvrs.webp',160),(329,'https://res.cloudinary.com/dwjqosrrk/image/upload/v1747684004/products/foleujtdsv88sikoxmlx.webp',161),(330,'https://res.cloudinary.com/dwjqosrrk/image/upload/v1747684005/products/czxdtumlwitviarnmecg.webp',161),(331,'https://res.cloudinary.com/dwjqosrrk/image/upload/v1747684006/products/a5yhhlur3fhumvng2zrx.webp',161),(332,'https://res.cloudinary.com/dwjqosrrk/image/upload/v1747684007/products/os8j47bky5i08qrvhwn4.webp',162),(333,'https://res.cloudinary.com/dwjqosrrk/image/upload/v1747684008/products/a1v7hjxulurwr2feq1um.webp',162),(334,'https://res.cloudinary.com/dwjqosrrk/image/upload/v1747684009/products/bzmjablslbroti1pyo38.webp',162),(335,'https://res.cloudinary.com/dwjqosrrk/image/upload/v1747684010/products/y3gvcj0n6fwucwpzibmw.webp',163),(336,'https://res.cloudinary.com/dwjqosrrk/image/upload/v1747684011/products/orf7j476g4htsgxmbhvz.webp',163),(337,'https://res.cloudinary.com/dwjqosrrk/image/upload/v1747684012/products/s0ittojhg59kzystqlio.webp',163),(338,'https://res.cloudinary.com/dwjqosrrk/image/upload/v1747684013/products/bs8uspiqfs9lsxmc81gc.webp',164),(339,'https://res.cloudinary.com/dwjqosrrk/image/upload/v1747683292/products/wafvakrel9r1n3icrqox.jpg',165),(340,'https://res.cloudinary.com/dwjqosrrk/image/upload/v1747683293/products/yqnn5gavs9jkointo0bx.jpg',165),(341,'https://res.cloudinary.com/dwjqosrrk/image/upload/v1747683294/products/qcj1gtqycm1xp0ccodua.png',165),(342,'https://res.cloudinary.com/dwjqosrrk/image/upload/v1747683295/products/mmbemhrn7tqwlngtovtb.webp',166),(343,'https://res.cloudinary.com/dwjqosrrk/image/upload/v1747683296/products/lfompjafsxmi3nvrd2tl.jpg',167),(344,'https://res.cloudinary.com/dwjqosrrk/image/upload/v1747683297/products/rvujm48ho0nta1gp3g1q.webp',167),(345,'https://res.cloudinary.com/dwjqosrrk/image/upload/v1747683298/products/xk8qynfalxnclenkkuwt.jpg',168),(346,'https://res.cloudinary.com/dwjqosrrk/image/upload/v1747683300/products/ktq0gn8mqxs6ven5pips.jpg',168),(347,'https://res.cloudinary.com/dwjqosrrk/image/upload/v1747683301/products/itgcnxltc03tiowg1q8v.webp',168),(348,'https://res.cloudinary.com/dwjqosrrk/image/upload/v1747683302/products/hhjnlzub3onjrql8tij1.jpg',169),(349,'https://res.cloudinary.com/dwjqosrrk/image/upload/v1747683303/products/pm4ffdveuman5q7iryzd.webp',169),(350,'https://res.cloudinary.com/dwjqosrrk/image/upload/v1747683304/products/uj9emoru43uin43wwdvf.webp',170),(351,'https://res.cloudinary.com/dwjqosrrk/image/upload/v1747683305/products/xwh2chxrkfq7pyxxyiq6.webp',170),(352,'https://res.cloudinary.com/dwjqosrrk/image/upload/v1747683306/products/kyfi99xh05u0jbp5asca.jpg',171),(353,'https://res.cloudinary.com/dwjqosrrk/image/upload/v1747683307/products/zwyunw0bykpuhpimmxoe.webp',171),(354,'https://res.cloudinary.com/dwjqosrrk/image/upload/v1747683308/products/xsmu6nqj19vg8puhoji3.jpg',172),(355,'https://res.cloudinary.com/dwjqosrrk/image/upload/v1747683309/products/aovvpmyu5fewytncamqy.jpg',172),(356,'https://res.cloudinary.com/dwjqosrrk/image/upload/v1747683310/products/ks3t50irbvbkiemdq4ru.webp',172),(357,'https://res.cloudinary.com/dwjqosrrk/image/upload/v1747683996/products/cttotj6zqr08thewwjus.webp',173),(358,'https://res.cloudinary.com/dwjqosrrk/image/upload/v1747683997/products/wtznekmrdgoizdmvhut2.webp',173),(359,'https://res.cloudinary.com/dwjqosrrk/image/upload/v1747683998/products/oz3ynmvobgsw9odhqw6p.webp',173),(360,'https://res.cloudinary.com/dwjqosrrk/image/upload/v1747683999/products/p7pdfjymwrpo9eianspb.webp',174),(361,'https://res.cloudinary.com/dwjqosrrk/image/upload/v1747684000/products/upw4jhua0jdiyck1jpmr.webp',174),(362,'https://res.cloudinary.com/dwjqosrrk/image/upload/v1747684001/products/odczs9ozfvveutq0qt4r.webp',175),(363,'https://res.cloudinary.com/dwjqosrrk/image/upload/v1747684002/products/keb9wjh7sqtthfngehns.webp',175),(364,'https://res.cloudinary.com/dwjqosrrk/image/upload/v1747684003/products/tkcwttj9cwelptbamvrs.webp',175),(365,'https://res.cloudinary.com/dwjqosrrk/image/upload/v1747684004/products/foleujtdsv88sikoxmlx.webp',176),(366,'https://res.cloudinary.com/dwjqosrrk/image/upload/v1747684005/products/czxdtumlwitviarnmecg.webp',176),(367,'https://res.cloudinary.com/dwjqosrrk/image/upload/v1747684006/products/a5yhhlur3fhumvng2zrx.webp',176),(368,'https://res.cloudinary.com/dwjqosrrk/image/upload/v1747684007/products/os8j47bky5i08qrvhwn4.webp',177),(369,'https://res.cloudinary.com/dwjqosrrk/image/upload/v1747684008/products/a1v7hjxulurwr2feq1um.webp',177),(370,'https://res.cloudinary.com/dwjqosrrk/image/upload/v1747684009/products/bzmjablslbroti1pyo38.webp',177),(371,'https://res.cloudinary.com/dwjqosrrk/image/upload/v1747684010/products/y3gvcj0n6fwucwpzibmw.webp',178),(372,'https://res.cloudinary.com/dwjqosrrk/image/upload/v1747684011/products/orf7j476g4htsgxmbhvz.webp',178),(373,'https://res.cloudinary.com/dwjqosrrk/image/upload/v1747684012/products/s0ittojhg59kzystqlio.webp',178),(374,'https://res.cloudinary.com/dwjqosrrk/image/upload/v1747684013/products/bs8uspiqfs9lsxmc81gc.webp',179),(375,'https://res.cloudinary.com/dwjqosrrk/image/upload/v1747684549/products/gbf8eawhm4ufxixhha9b.webp',180),(376,'https://res.cloudinary.com/dwjqosrrk/image/upload/v1747684550/products/kmsjqvhiq6akzfirtza3.webp',181),(377,'https://res.cloudinary.com/dwjqosrrk/image/upload/v1747684551/products/hzt2hmbywz5errsy1m47.webp',181),(378,'https://res.cloudinary.com/dwjqosrrk/image/upload/v1747684552/products/n30bakvzlbtvf8bsteta.webp',181),(379,'https://res.cloudinary.com/dwjqosrrk/image/upload/v1747684553/products/yf6ks3jnslx8l4f003lk.webp',182),(380,'https://res.cloudinary.com/dwjqosrrk/image/upload/v1747684554/products/ml63qhlgydylcokhcdry.webp',182),(381,'https://res.cloudinary.com/dwjqosrrk/image/upload/v1747684555/products/xxrad8m3mubqvygtqzkr.webp',183),(382,'https://res.cloudinary.com/dwjqosrrk/image/upload/v1747684556/products/hwfk99viihjx7eyblrcx.webp',183),(383,'https://res.cloudinary.com/dwjqosrrk/image/upload/v1747684557/products/a0nv0w1coubabmtqip1v.webp',184),(384,'https://res.cloudinary.com/dwjqosrrk/image/upload/v1747684558/products/igzoi5cccfxbobtauoaw.webp',184),(385,'https://res.cloudinary.com/dwjqosrrk/image/upload/v1747684559/products/xdcishjo7kxo0je622we.webp',184),(386,'https://res.cloudinary.com/dwjqosrrk/image/upload/v1747684560/products/lympb4uprsb043nqwptx.jpg',185),(387,'https://res.cloudinary.com/dwjqosrrk/image/upload/v1747684561/products/rhaodbqu9ul8xrt27mnu.jpg',185),(388,'https://res.cloudinary.com/dwjqosrrk/image/upload/v1747684562/products/a17blqbwfpprtnpy65xp.webp',186),(389,'https://res.cloudinary.com/dwjqosrrk/image/upload/v1747684563/products/umuvqt2zviqupxmaccgx.webp',186),(390,'https://res.cloudinary.com/dwjqosrrk/image/upload/v1747684553/products/yf6ks3jnslx8l4f003lk.webp',187),(391,'https://res.cloudinary.com/dwjqosrrk/image/upload/v1747684554/products/ml63qhlgydylcokhcdry.webp',187),(392,'https://res.cloudinary.com/dwjqosrrk/image/upload/v1747684555/products/xxrad8m3mubqvygtqzkr.webp',188),(393,'https://res.cloudinary.com/dwjqosrrk/image/upload/v1747684556/products/hwfk99viihjx7eyblrcx.webp',188),(394,'https://res.cloudinary.com/dwjqosrrk/image/upload/v1747684557/products/a0nv0w1coubabmtqip1v.webp',189),(395,'https://res.cloudinary.com/dwjqosrrk/image/upload/v1747684558/products/igzoi5cccfxbobtauoaw.webp',189),(396,'https://res.cloudinary.com/dwjqosrrk/image/upload/v1747684559/products/xdcishjo7kxo0je622we.webp',189),(397,'https://res.cloudinary.com/dwjqosrrk/image/upload/v1747684560/products/lympb4uprsb043nqwptx.jpg',190),(398,'https://res.cloudinary.com/dwjqosrrk/image/upload/v1747684561/products/rhaodbqu9ul8xrt27mnu.jpg',190),(399,'https://res.cloudinary.com/dwjqosrrk/image/upload/v1747684562/products/a17blqbwfpprtnpy65xp.webp',191),(400,'https://res.cloudinary.com/dwjqosrrk/image/upload/v1747684563/products/umuvqt2zviqupxmaccgx.webp',191),(401,'https://res.cloudinary.com/dwjqosrrk/image/upload/v1747684553/products/yf6ks3jnslx8l4f003lk.webp',192),(402,'https://res.cloudinary.com/dwjqosrrk/image/upload/v1747684554/products/ml63qhlgydylcokhcdry.webp',192),(403,'https://res.cloudinary.com/dwjqosrrk/image/upload/v1747684555/products/xxrad8m3mubqvygtqzkr.webp',193),(404,'https://res.cloudinary.com/dwjqosrrk/image/upload/v1747684556/products/hwfk99viihjx7eyblrcx.webp',193),(405,'https://res.cloudinary.com/dwjqosrrk/image/upload/v1747684557/products/a0nv0w1coubabmtqip1v.webp',194),(406,'https://res.cloudinary.com/dwjqosrrk/image/upload/v1747684558/products/igzoi5cccfxbobtauoaw.webp',194),(407,'https://res.cloudinary.com/dwjqosrrk/image/upload/v1747684559/products/xdcishjo7kxo0je622we.webp',194),(408,'https://res.cloudinary.com/dwjqosrrk/image/upload/v1747684560/products/lympb4uprsb043nqwptx.jpg',195),(409,'https://res.cloudinary.com/dwjqosrrk/image/upload/v1747684561/products/rhaodbqu9ul8xrt27mnu.jpg',195),(410,'https://res.cloudinary.com/dwjqosrrk/image/upload/v1747684562/products/a17blqbwfpprtnpy65xp.webp',196),(411,'https://res.cloudinary.com/dwjqosrrk/image/upload/v1747684563/products/umuvqt2zviqupxmaccgx.webp',196),(412,'https://res.cloudinary.com/dwjqosrrk/image/upload/v1747683996/products/cttotj6zqr08thewwjus.webp',197),(413,'https://res.cloudinary.com/dwjqosrrk/image/upload/v1747683997/products/wtznekmrdgoizdmvhut2.webp',197),(414,'https://res.cloudinary.com/dwjqosrrk/image/upload/v1747683998/products/oz3ynmvobgsw9odhqw6p.webp',197),(415,'https://res.cloudinary.com/dwjqosrrk/image/upload/v1747683999/products/p7pdfjymwrpo9eianspb.webp',198),(416,'https://res.cloudinary.com/dwjqosrrk/image/upload/v1747684000/products/upw4jhua0jdiyck1jpmr.webp',198),(417,'https://res.cloudinary.com/dwjqosrrk/image/upload/v1747684001/products/odczs9ozfvveutq0qt4r.webp',199),(418,'https://res.cloudinary.com/dwjqosrrk/image/upload/v1747684002/products/keb9wjh7sqtthfngehns.webp',199),(419,'https://res.cloudinary.com/dwjqosrrk/image/upload/v1747684003/products/tkcwttj9cwelptbamvrs.webp',199),(420,'https://res.cloudinary.com/dwjqosrrk/image/upload/v1747684004/products/foleujtdsv88sikoxmlx.webp',200),(421,'https://res.cloudinary.com/dwjqosrrk/image/upload/v1747684005/products/czxdtumlwitviarnmecg.webp',200),(422,'https://res.cloudinary.com/dwjqosrrk/image/upload/v1747684006/products/a5yhhlur3fhumvng2zrx.webp',200),(423,'https://res.cloudinary.com/dwjqosrrk/image/upload/v1747684007/products/os8j47bky5i08qrvhwn4.webp',201),(424,'https://res.cloudinary.com/dwjqosrrk/image/upload/v1747684008/products/a1v7hjxulurwr2feq1um.webp',201),(425,'https://res.cloudinary.com/dwjqosrrk/image/upload/v1747684009/products/bzmjablslbroti1pyo38.webp',201),(426,'https://res.cloudinary.com/dwjqosrrk/image/upload/v1747684010/products/y3gvcj0n6fwucwpzibmw.webp',202),(427,'https://res.cloudinary.com/dwjqosrrk/image/upload/v1747684011/products/orf7j476g4htsgxmbhvz.webp',202),(428,'https://res.cloudinary.com/dwjqosrrk/image/upload/v1747684012/products/s0ittojhg59kzystqlio.webp',202),(429,'https://res.cloudinary.com/dwjqosrrk/image/upload/v1747684013/products/bs8uspiqfs9lsxmc81gc.webp',203),(430,'https://res.cloudinary.com/dwjqosrrk/image/upload/v1747683996/products/cttotj6zqr08thewwjus.webp',204),(431,'https://res.cloudinary.com/dwjqosrrk/image/upload/v1747683997/products/wtznekmrdgoizdmvhut2.webp',204),(432,'https://res.cloudinary.com/dwjqosrrk/image/upload/v1747683998/products/oz3ynmvobgsw9odhqw6p.webp',204),(433,'https://res.cloudinary.com/dwjqosrrk/image/upload/v1747683999/products/p7pdfjymwrpo9eianspb.webp',205),(434,'https://res.cloudinary.com/dwjqosrrk/image/upload/v1747684000/products/upw4jhua0jdiyck1jpmr.webp',205),(435,'https://res.cloudinary.com/dwjqosrrk/image/upload/v1747684001/products/odczs9ozfvveutq0qt4r.webp',206),(436,'https://res.cloudinary.com/dwjqosrrk/image/upload/v1747684002/products/keb9wjh7sqtthfngehns.webp',206),(437,'https://res.cloudinary.com/dwjqosrrk/image/upload/v1747684003/products/tkcwttj9cwelptbamvrs.webp',206),(438,'https://res.cloudinary.com/dwjqosrrk/image/upload/v1747684004/products/foleujtdsv88sikoxmlx.webp',207),(439,'https://res.cloudinary.com/dwjqosrrk/image/upload/v1747684005/products/czxdtumlwitviarnmecg.webp',207),(440,'https://res.cloudinary.com/dwjqosrrk/image/upload/v1747684006/products/a5yhhlur3fhumvng2zrx.webp',207),(441,'https://res.cloudinary.com/dwjqosrrk/image/upload/v1747684007/products/os8j47bky5i08qrvhwn4.webp',208),(442,'https://res.cloudinary.com/dwjqosrrk/image/upload/v1747684008/products/a1v7hjxulurwr2feq1um.webp',208),(443,'https://res.cloudinary.com/dwjqosrrk/image/upload/v1747684009/products/bzmjablslbroti1pyo38.webp',208),(444,'https://res.cloudinary.com/dwjqosrrk/image/upload/v1747684010/products/y3gvcj0n6fwucwpzibmw.webp',209),(445,'https://res.cloudinary.com/dwjqosrrk/image/upload/v1747684011/products/orf7j476g4htsgxmbhvz.webp',209),(446,'https://res.cloudinary.com/dwjqosrrk/image/upload/v1747684012/products/s0ittojhg59kzystqlio.webp',209),(447,'https://res.cloudinary.com/dwjqosrrk/image/upload/v1747684013/products/bs8uspiqfs9lsxmc81gc.webp',210),(448,'https://res.cloudinary.com/dwjqosrrk/image/upload/v1747683292/products/wafvakrel9r1n3icrqox.jpg',211),(449,'https://res.cloudinary.com/dwjqosrrk/image/upload/v1747683293/products/yqnn5gavs9jkointo0bx.jpg',211),(450,'https://res.cloudinary.com/dwjqosrrk/image/upload/v1747683294/products/qcj1gtqycm1xp0ccodua.png',211),(451,'https://res.cloudinary.com/dwjqosrrk/image/upload/v1747683295/products/mmbemhrn7tqwlngtovtb.webp',212),(452,'https://res.cloudinary.com/dwjqosrrk/image/upload/v1747683296/products/lfompjafsxmi3nvrd2tl.jpg',213),(453,'https://res.cloudinary.com/dwjqosrrk/image/upload/v1747683297/products/rvujm48ho0nta1gp3g1q.webp',213),(454,'https://res.cloudinary.com/dwjqosrrk/image/upload/v1747683298/products/xk8qynfalxnclenkkuwt.jpg',214),(455,'https://res.cloudinary.com/dwjqosrrk/image/upload/v1747683300/products/ktq0gn8mqxs6ven5pips.jpg',214),(456,'https://res.cloudinary.com/dwjqosrrk/image/upload/v1747683301/products/itgcnxltc03tiowg1q8v.webp',214),(457,'https://res.cloudinary.com/dwjqosrrk/image/upload/v1747683302/products/hhjnlzub3onjrql8tij1.jpg',215),(458,'https://res.cloudinary.com/dwjqosrrk/image/upload/v1747683303/products/pm4ffdveuman5q7iryzd.webp',215),(459,'https://res.cloudinary.com/dwjqosrrk/image/upload/v1747683304/products/uj9emoru43uin43wwdvf.webp',216),(460,'https://res.cloudinary.com/dwjqosrrk/image/upload/v1747683305/products/xwh2chxrkfq7pyxxyiq6.webp',216),(461,'https://res.cloudinary.com/dwjqosrrk/image/upload/v1747683306/products/kyfi99xh05u0jbp5asca.jpg',217),(462,'https://res.cloudinary.com/dwjqosrrk/image/upload/v1747683307/products/zwyunw0bykpuhpimmxoe.webp',217),(463,'https://res.cloudinary.com/dwjqosrrk/image/upload/v1747683308/products/xsmu6nqj19vg8puhoji3.jpg',218),(464,'https://res.cloudinary.com/dwjqosrrk/image/upload/v1747683309/products/aovvpmyu5fewytncamqy.jpg',218),(465,'https://res.cloudinary.com/dwjqosrrk/image/upload/v1747683310/products/ks3t50irbvbkiemdq4ru.webp',218),(466,'https://res.cloudinary.com/dwjqosrrk/image/upload/v1747683292/products/wafvakrel9r1n3icrqox.jpg',219),(467,'https://res.cloudinary.com/dwjqosrrk/image/upload/v1747683293/products/yqnn5gavs9jkointo0bx.jpg',219),(468,'https://res.cloudinary.com/dwjqosrrk/image/upload/v1747683294/products/qcj1gtqycm1xp0ccodua.png',219),(469,'https://res.cloudinary.com/dwjqosrrk/image/upload/v1747683295/products/mmbemhrn7tqwlngtovtb.webp',220),(470,'https://res.cloudinary.com/dwjqosrrk/image/upload/v1747683296/products/lfompjafsxmi3nvrd2tl.jpg',221),(471,'https://res.cloudinary.com/dwjqosrrk/image/upload/v1747683297/products/rvujm48ho0nta1gp3g1q.webp',221),(472,'https://res.cloudinary.com/dwjqosrrk/image/upload/v1747683298/products/xk8qynfalxnclenkkuwt.jpg',222),(473,'https://res.cloudinary.com/dwjqosrrk/image/upload/v1747683300/products/ktq0gn8mqxs6ven5pips.jpg',222),(474,'https://res.cloudinary.com/dwjqosrrk/image/upload/v1747683301/products/itgcnxltc03tiowg1q8v.webp',222),(475,'https://res.cloudinary.com/dwjqosrrk/image/upload/v1747683302/products/hhjnlzub3onjrql8tij1.jpg',223),(476,'https://res.cloudinary.com/dwjqosrrk/image/upload/v1747683303/products/pm4ffdveuman5q7iryzd.webp',223),(477,'https://res.cloudinary.com/dwjqosrrk/image/upload/v1747683304/products/uj9emoru43uin43wwdvf.webp',224),(478,'https://res.cloudinary.com/dwjqosrrk/image/upload/v1747683305/products/xwh2chxrkfq7pyxxyiq6.webp',224),(479,'https://res.cloudinary.com/dwjqosrrk/image/upload/v1747683306/products/kyfi99xh05u0jbp5asca.jpg',225),(480,'https://res.cloudinary.com/dwjqosrrk/image/upload/v1747683307/products/zwyunw0bykpuhpimmxoe.webp',225),(481,'https://res.cloudinary.com/dwjqosrrk/image/upload/v1747683308/products/xsmu6nqj19vg8puhoji3.jpg',226),(482,'https://res.cloudinary.com/dwjqosrrk/image/upload/v1747683309/products/aovvpmyu5fewytncamqy.jpg',226),(483,'https://res.cloudinary.com/dwjqosrrk/image/upload/v1747683310/products/ks3t50irbvbkiemdq4ru.webp',226),(484,'https://res.cloudinary.com/dwjqosrrk/image/upload/v1747683292/products/wafvakrel9r1n3icrqox.jpg',227),(485,'https://res.cloudinary.com/dwjqosrrk/image/upload/v1747683293/products/yqnn5gavs9jkointo0bx.jpg',227),(486,'https://res.cloudinary.com/dwjqosrrk/image/upload/v1747683294/products/qcj1gtqycm1xp0ccodua.png',227),(487,'https://res.cloudinary.com/dwjqosrrk/image/upload/v1747683295/products/mmbemhrn7tqwlngtovtb.webp',228),(488,'https://res.cloudinary.com/dwjqosrrk/image/upload/v1747683296/products/lfompjafsxmi3nvrd2tl.jpg',229),(489,'https://res.cloudinary.com/dwjqosrrk/image/upload/v1747683297/products/rvujm48ho0nta1gp3g1q.webp',229),(490,'https://res.cloudinary.com/dwjqosrrk/image/upload/v1747683298/products/xk8qynfalxnclenkkuwt.jpg',230),(491,'https://res.cloudinary.com/dwjqosrrk/image/upload/v1747683300/products/ktq0gn8mqxs6ven5pips.jpg',230),(492,'https://res.cloudinary.com/dwjqosrrk/image/upload/v1747683301/products/itgcnxltc03tiowg1q8v.webp',230),(493,'https://res.cloudinary.com/dwjqosrrk/image/upload/v1747683302/products/hhjnlzub3onjrql8tij1.jpg',231),(494,'https://res.cloudinary.com/dwjqosrrk/image/upload/v1747683303/products/pm4ffdveuman5q7iryzd.webp',231),(495,'https://res.cloudinary.com/dwjqosrrk/image/upload/v1747683304/products/uj9emoru43uin43wwdvf.webp',232),(496,'https://res.cloudinary.com/dwjqosrrk/image/upload/v1747683305/products/xwh2chxrkfq7pyxxyiq6.webp',232),(497,'https://res.cloudinary.com/dwjqosrrk/image/upload/v1747683306/products/kyfi99xh05u0jbp5asca.jpg',233),(498,'https://res.cloudinary.com/dwjqosrrk/image/upload/v1747683307/products/zwyunw0bykpuhpimmxoe.webp',233),(499,'https://res.cloudinary.com/dwjqosrrk/image/upload/v1747683308/products/xsmu6nqj19vg8puhoji3.jpg',234),(500,'https://res.cloudinary.com/dwjqosrrk/image/upload/v1747683309/products/aovvpmyu5fewytncamqy.jpg',234),(501,'https://res.cloudinary.com/dwjqosrrk/image/upload/v1747683310/products/ks3t50irbvbkiemdq4ru.webp',234),(502,'https://res.cloudinary.com/dwjqosrrk/image/upload/v1747684549/products/gbf8eawhm4ufxixhha9b.webp',235),(503,'https://res.cloudinary.com/dwjqosrrk/image/upload/v1747684550/products/kmsjqvhiq6akzfirtza3.webp',236),(504,'https://res.cloudinary.com/dwjqosrrk/image/upload/v1747684551/products/hzt2hmbywz5errsy1m47.webp',236),(505,'https://res.cloudinary.com/dwjqosrrk/image/upload/v1747684552/products/n30bakvzlbtvf8bsteta.webp',236),(506,'https://res.cloudinary.com/dwjqosrrk/image/upload/v1747684553/products/yf6ks3jnslx8l4f003lk.webp',237),(507,'https://res.cloudinary.com/dwjqosrrk/image/upload/v1747684554/products/ml63qhlgydylcokhcdry.webp',237),(508,'https://res.cloudinary.com/dwjqosrrk/image/upload/v1747684555/products/xxrad8m3mubqvygtqzkr.webp',238),(509,'https://res.cloudinary.com/dwjqosrrk/image/upload/v1747684556/products/hwfk99viihjx7eyblrcx.webp',238),(510,'https://res.cloudinary.com/dwjqosrrk/image/upload/v1747684557/products/a0nv0w1coubabmtqip1v.webp',239),(511,'https://res.cloudinary.com/dwjqosrrk/image/upload/v1747684558/products/igzoi5cccfxbobtauoaw.webp',239),(512,'https://res.cloudinary.com/dwjqosrrk/image/upload/v1747684559/products/xdcishjo7kxo0je622we.webp',239),(513,'https://res.cloudinary.com/dwjqosrrk/image/upload/v1747684560/products/lympb4uprsb043nqwptx.jpg',240),(514,'https://res.cloudinary.com/dwjqosrrk/image/upload/v1747684561/products/rhaodbqu9ul8xrt27mnu.jpg',240),(515,'https://res.cloudinary.com/dwjqosrrk/image/upload/v1747684562/products/a17blqbwfpprtnpy65xp.webp',241),(516,'https://res.cloudinary.com/dwjqosrrk/image/upload/v1747684563/products/umuvqt2zviqupxmaccgx.webp',241),(517,'https://res.cloudinary.com/dwjqosrrk/image/upload/v1747684553/products/yf6ks3jnslx8l4f003lk.webp',242),(518,'https://res.cloudinary.com/dwjqosrrk/image/upload/v1747684554/products/ml63qhlgydylcokhcdry.webp',242),(519,'https://res.cloudinary.com/dwjqosrrk/image/upload/v1747684555/products/xxrad8m3mubqvygtqzkr.webp',243),(520,'https://res.cloudinary.com/dwjqosrrk/image/upload/v1747684556/products/hwfk99viihjx7eyblrcx.webp',243),(521,'https://res.cloudinary.com/dwjqosrrk/image/upload/v1747684557/products/a0nv0w1coubabmtqip1v.webp',244),(522,'https://res.cloudinary.com/dwjqosrrk/image/upload/v1747684558/products/igzoi5cccfxbobtauoaw.webp',244),(523,'https://res.cloudinary.com/dwjqosrrk/image/upload/v1747684559/products/xdcishjo7kxo0je622we.webp',244),(524,'https://res.cloudinary.com/dwjqosrrk/image/upload/v1747684560/products/lympb4uprsb043nqwptx.jpg',245),(525,'https://res.cloudinary.com/dwjqosrrk/image/upload/v1747684561/products/rhaodbqu9ul8xrt27mnu.jpg',245),(526,'https://res.cloudinary.com/dwjqosrrk/image/upload/v1747684562/products/a17blqbwfpprtnpy65xp.webp',246),(527,'https://res.cloudinary.com/dwjqosrrk/image/upload/v1747684563/products/umuvqt2zviqupxmaccgx.webp',246),(528,'https://res.cloudinary.com/dwjqosrrk/image/upload/v1747684553/products/yf6ks3jnslx8l4f003lk.webp',247),(529,'https://res.cloudinary.com/dwjqosrrk/image/upload/v1747684554/products/ml63qhlgydylcokhcdry.webp',247),(530,'https://res.cloudinary.com/dwjqosrrk/image/upload/v1747684555/products/xxrad8m3mubqvygtqzkr.webp',248),(531,'https://res.cloudinary.com/dwjqosrrk/image/upload/v1747684556/products/hwfk99viihjx7eyblrcx.webp',248),(532,'https://res.cloudinary.com/dwjqosrrk/image/upload/v1747684557/products/a0nv0w1coubabmtqip1v.webp',249),(533,'https://res.cloudinary.com/dwjqosrrk/image/upload/v1747684558/products/igzoi5cccfxbobtauoaw.webp',249),(534,'https://res.cloudinary.com/dwjqosrrk/image/upload/v1747684559/products/xdcishjo7kxo0je622we.webp',249),(535,'https://res.cloudinary.com/dwjqosrrk/image/upload/v1747684560/products/lympb4uprsb043nqwptx.jpg',250),(536,'https://res.cloudinary.com/dwjqosrrk/image/upload/v1747684561/products/rhaodbqu9ul8xrt27mnu.jpg',250),(537,'https://res.cloudinary.com/dwjqosrrk/image/upload/v1747684562/products/a17blqbwfpprtnpy65xp.webp',251),(538,'https://res.cloudinary.com/dwjqosrrk/image/upload/v1747684563/products/umuvqt2zviqupxmaccgx.webp',251),(539,'https://res.cloudinary.com/dwjqosrrk/image/upload/v1747683292/products/wafvakrel9r1n3icrqox.jpg',252),(540,'https://res.cloudinary.com/dwjqosrrk/image/upload/v1747683293/products/yqnn5gavs9jkointo0bx.jpg',252),(541,'https://res.cloudinary.com/dwjqosrrk/image/upload/v1747683294/products/qcj1gtqycm1xp0ccodua.png',252),(542,'https://res.cloudinary.com/dwjqosrrk/image/upload/v1747683295/products/mmbemhrn7tqwlngtovtb.webp',253),(543,'https://res.cloudinary.com/dwjqosrrk/image/upload/v1747683296/products/lfompjafsxmi3nvrd2tl.jpg',254),(544,'https://res.cloudinary.com/dwjqosrrk/image/upload/v1747683297/products/rvujm48ho0nta1gp3g1q.webp',254),(545,'https://res.cloudinary.com/dwjqosrrk/image/upload/v1747683298/products/xk8qynfalxnclenkkuwt.jpg',255),(546,'https://res.cloudinary.com/dwjqosrrk/image/upload/v1747683300/products/ktq0gn8mqxs6ven5pips.jpg',255),(547,'https://res.cloudinary.com/dwjqosrrk/image/upload/v1747683301/products/itgcnxltc03tiowg1q8v.webp',255),(548,'https://res.cloudinary.com/dwjqosrrk/image/upload/v1747683302/products/hhjnlzub3onjrql8tij1.jpg',256),(549,'https://res.cloudinary.com/dwjqosrrk/image/upload/v1747683303/products/pm4ffdveuman5q7iryzd.webp',256),(550,'https://res.cloudinary.com/dwjqosrrk/image/upload/v1747683304/products/uj9emoru43uin43wwdvf.webp',257),(551,'https://res.cloudinary.com/dwjqosrrk/image/upload/v1747683305/products/xwh2chxrkfq7pyxxyiq6.webp',257),(552,'https://res.cloudinary.com/dwjqosrrk/image/upload/v1747683306/products/kyfi99xh05u0jbp5asca.jpg',258),(553,'https://res.cloudinary.com/dwjqosrrk/image/upload/v1747683307/products/zwyunw0bykpuhpimmxoe.webp',258),(554,'https://res.cloudinary.com/dwjqosrrk/image/upload/v1747683308/products/xsmu6nqj19vg8puhoji3.jpg',259),(555,'https://res.cloudinary.com/dwjqosrrk/image/upload/v1747683309/products/aovvpmyu5fewytncamqy.jpg',259),(556,'https://res.cloudinary.com/dwjqosrrk/image/upload/v1747683310/products/ks3t50irbvbkiemdq4ru.webp',259),(557,'https://res.cloudinary.com/dwjqosrrk/image/upload/v1747683996/products/cttotj6zqr08thewwjus.webp',260),(558,'https://res.cloudinary.com/dwjqosrrk/image/upload/v1747683997/products/wtznekmrdgoizdmvhut2.webp',260),(559,'https://res.cloudinary.com/dwjqosrrk/image/upload/v1747683998/products/oz3ynmvobgsw9odhqw6p.webp',260),(560,'https://res.cloudinary.com/dwjqosrrk/image/upload/v1747683999/products/p7pdfjymwrpo9eianspb.webp',261),(561,'https://res.cloudinary.com/dwjqosrrk/image/upload/v1747684000/products/upw4jhua0jdiyck1jpmr.webp',261),(562,'https://res.cloudinary.com/dwjqosrrk/image/upload/v1747684001/products/odczs9ozfvveutq0qt4r.webp',262),(563,'https://res.cloudinary.com/dwjqosrrk/image/upload/v1747684002/products/keb9wjh7sqtthfngehns.webp',262),(564,'https://res.cloudinary.com/dwjqosrrk/image/upload/v1747684003/products/tkcwttj9cwelptbamvrs.webp',262),(565,'https://res.cloudinary.com/dwjqosrrk/image/upload/v1747684004/products/foleujtdsv88sikoxmlx.webp',263),(566,'https://res.cloudinary.com/dwjqosrrk/image/upload/v1747684005/products/czxdtumlwitviarnmecg.webp',263),(567,'https://res.cloudinary.com/dwjqosrrk/image/upload/v1747684006/products/a5yhhlur3fhumvng2zrx.webp',263),(568,'https://res.cloudinary.com/dwjqosrrk/image/upload/v1747684007/products/os8j47bky5i08qrvhwn4.webp',264),(569,'https://res.cloudinary.com/dwjqosrrk/image/upload/v1747684008/products/a1v7hjxulurwr2feq1um.webp',264),(570,'https://res.cloudinary.com/dwjqosrrk/image/upload/v1747684009/products/bzmjablslbroti1pyo38.webp',264),(571,'https://res.cloudinary.com/dwjqosrrk/image/upload/v1747684010/products/y3gvcj0n6fwucwpzibmw.webp',265),(572,'https://res.cloudinary.com/dwjqosrrk/image/upload/v1747684011/products/orf7j476g4htsgxmbhvz.webp',265),(573,'https://res.cloudinary.com/dwjqosrrk/image/upload/v1747684012/products/s0ittojhg59kzystqlio.webp',265),(574,'https://res.cloudinary.com/dwjqosrrk/image/upload/v1747684013/products/bs8uspiqfs9lsxmc81gc.webp',266);
/*!40000 ALTER TABLE `product_images` ENABLE KEYS */;

--
-- Table structure for table `products`
--

DROP TABLE IF EXISTS `products`;
/*!40101 SET @saved_cs_client     = @@character_set_client */;
/*!50503 SET character_set_client = utf8mb4 */;
CREATE TABLE `products` (
  `id` bigint NOT NULL AUTO_INCREMENT,
  `created_at` datetime(6) DEFAULT NULL,
  `name` varchar(255) NOT NULL,
  `description` longtext,
  `price` decimal(10,2) DEFAULT NULL,
  `stock` int DEFAULT NULL,
  `category_id` bigint DEFAULT NULL,
  `shop_id` bigint DEFAULT NULL,
  `status` enum('ACTIVE','INACTIVE') DEFAULT NULL,
  PRIMARY KEY (`id`),
  KEY `FKog2rp4qthbtt2lfyhfo32lsw9` (`category_id`),
  KEY `FK7kp8sbhxboponhx3lxqtmkcoj` (`shop_id`),
  CONSTRAINT `FK7kp8sbhxboponhx3lxqtmkcoj` FOREIGN KEY (`shop_id`) REFERENCES `shops` (`id`),
  CONSTRAINT `FKog2rp4qthbtt2lfyhfo32lsw9` FOREIGN KEY (`category_id`) REFERENCES `categories` (`id`)
) ENGINE=InnoDB AUTO_INCREMENT=267 DEFAULT CHARSET=utf8mb4 COLLATE=utf8mb4_0900_ai_ci;
/*!40101 SET character_set_client = @saved_cs_client */;

--
-- Dumping data for table `products`
--

/*!40000 ALTER TABLE `products` DISABLE KEYS */;
INSERT INTO `products` VALUES (5,'2025-05-20 09:43:28.177257','iPhone 16 512GB','iPhone 16 512GB',1778166.00,17,5,3,'ACTIVE'),(6,'2025-05-20 09:43:28.226465','minh','Điện Thoại iPhone 11 128GB Xanh Lá',6180283.00,1000,3,3,'ACTIVE'),(7,'2025-05-20 09:43:28.230466','Điện Thoại iPhone 13 Pro 128GB','Điện Thoại iPhone 13 Pro 128GB',8765923.00,3,10,3,'ACTIVE'),(8,'2025-05-20 09:43:28.234017','Điện thoại iPhone 14 Pro Max 512GB','Điện thoại iPhone 14 Pro Max 512GB',9456043.00,3,10,3,'ACTIVE'),(9,'2025-05-20 09:43:28.238511','Điện Thoại OPPO A17','Điện Thoại OPPO A17',2285402.00,10,10,3,'ACTIVE'),(10,'2025-05-20 09:43:28.240505','Điện Thoại Samsung Galaxy A14 5G','Điện Thoại Samsung Galaxy A14 5G',7781064.00,10,10,3,'ACTIVE'),(11,'2025-05-20 09:43:28.244061','Điện Thoại Samsung Galaxy A54 5G','Điện Thoại Samsung Galaxy A54 5G',7437532.00,10,10,3,'ACTIVE'),(12,'2025-05-20 09:43:28.246058','Điện thoại Xiaomi Redmi Note 11','Điện thoại Xiaomi Redmi Note 11',6293611.00,10,10,3,'ACTIVE'),(13,'2025-05-20 09:43:28.248076','Bộ Quần Áo Thể Thao Nam Mùa Hè','Bộ Quần Áo Thể Thao Nam Mùa Hè',6252087.00,6,7,3,'ACTIVE'),(14,'2025-05-20 09:43:28.249074','Bộ Scrubs bác sĩ Minh Minh hàng cao cấp','Bộ Scrubs bác sĩ Minh Minh hàng cao cấp',90000.00,7,7,3,'ACTIVE'),(15,'2025-05-20 09:43:28.253485','BỘ SHORT NỮ THUN COTTON ÁO THÊU CHỮ','BỘ SHORT NỮ THUN COTTON ÁO THÊU CHỮ',3923869.00,7,7,3,'ACTIVE'),(16,'2025-05-20 09:43:28.255491','BỘ SHORT NỮ THUN LẠNH CAO CẤP IN 3','BỘ SHORT NỮ THUN LẠNH CAO CẤP IN 3',7545351.00,7,7,3,'ACTIVE'),(17,'2025-05-20 09:43:28.257498','Bộ thể thao nam dập vân nổi cổ bẻ phong cách hàn quốc','Bộ thể thao nam dập vân nổi cổ bẻ phong cách hàn quốc',7271798.00,6,7,3,'ACTIVE'),(18,'2025-05-20 09:43:28.259499','BỘ THỂ THAO NỮ THUN COTTON CAO CẤP QUẦN ỐNG SUÔNG','BỘ THỂ THAO NỮ THUN COTTON CAO CẤP QUẦN ỐNG SUÔNG',2331525.00,5,7,3,'ACTIVE'),(19,'2025-05-20 09:43:28.261500','vn-11134207-7r98o-lywgormrwnmp80','vn-11134207-7r98o-lywgormrwnmp80',6164584.00,7,7,3,'ACTIVE'),(20,'2025-05-20 09:43:28.265016','Bộ Cây Máy Tính Văn Phòng Chơi Game','Bộ Cây Máy Tính Văn Phòng Chơi Game',3231807.00,3,3,3,'ACTIVE'),(21,'2025-05-20 09:43:28.269013','Bộ Máy Tính AKPC-GM02','Bộ Máy Tính AKPC-GM02',3988759.00,3,3,3,'ACTIVE'),(22,'2025-05-20 09:43:28.272020','Bộ Máy Tính i3 9100F Gaming Nhẹ','Bộ Máy Tính i3 9100F Gaming Nhẹ',9317075.00,3,3,3,'ACTIVE'),(23,'2025-05-20 09:43:28.274120','Bộ PC Gaming Intel Core i5-12400F','Bộ PC Gaming Intel Core i5-12400F',5826741.00,2,3,3,'ACTIVE'),(24,'2025-05-20 09:43:28.275104','Full Bộ Máy Tính PC Core i5, i7','Full Bộ Máy Tính PC Core i5, i7',6033068.00,3,3,3,'ACTIVE'),(25,'2025-05-20 09:43:28.276103','Khái niệm về 7 phần cứng cơ bản trên mọi máy tính','Khái niệm về 7 phần cứng cơ bản trên mọi máy tính',2764186.00,3,3,3,'ACTIVE'),(26,'2025-05-20 09:43:28.278105','Laptop Gaming Lenovo Legion','Laptop Gaming Lenovo Legion',495552.00,3,3,3,'ACTIVE'),(57,'2025-09-10 09:55:53.092932','iPhone 16 512GB','',9.00,11,3,3,'ACTIVE'),(58,'2025-09-10 10:04:32.277967','iPhone 16 512GB','Điện Thoại iPhone 13 Pro 128GB',2.00,10,3,3,'ACTIVE'),(59,'2025-09-10 10:05:04.642390','Minh test ','',11.00,11,3,3,'ACTIVE'),(60,'2025-09-10 10:15:37.123381','ok','',2.00,4,3,3,'ACTIVE'),(61,'2025-09-18 18:00:29.206321','Test Sản phẩm','Test',1000000.00,20002,3,3,'ACTIVE'),(62,'2025-09-18 18:25:49.082637','Test ','Test ',13000.00,1002,3,3,'ACTIVE'),(63,'2025-10-10 08:56:44.341170','iPhone 16 512GB','iPhone 16 512GB',1778166.00,100000,10,3,'ACTIVE'),(64,'2025-10-10 08:56:44.460760','Điện Thoại iPhone 11 128GB Xanh Lá','Điện Thoại iPhone 11 128GB Xanh Lá',6180283.00,1000000,10,3,'ACTIVE'),(65,'2025-10-10 08:56:44.466291','Điện Thoại iPhone 13 Pro 128GB','Điện Thoại iPhone 13 Pro 128GB',8765923.00,100000,10,3,'ACTIVE'),(66,'2025-10-10 08:56:44.474842','Điện thoại iPhone 14 Pro Max 512GB','Điện thoại iPhone 14 Pro Max 512GB',9456043.00,10000000,10,3,'ACTIVE'),(67,'2025-10-10 08:56:44.483378','Điện Thoại OPPO A17','Điện Thoại OPPO A17',2285402.00,100000,10,3,'ACTIVE'),(68,'2025-10-10 08:56:44.489503','Điện Thoại Samsung Galaxy A14 5G','Điện Thoại Samsung Galaxy A14 5G',7781064.00,10000000,10,3,'ACTIVE'),(69,'2025-10-10 08:56:44.499002','Điện Thoại Samsung Galaxy A54 5G','Điện Thoại Samsung Galaxy A54 5G',7437532.00,10000,10,3,'ACTIVE'),(70,'2025-10-10 08:56:44.510694','Điện thoại Xiaomi Redmi Note 11','Điện thoại Xiaomi Redmi Note 11',6293611.00,100000,10,3,'ACTIVE'),(71,'2025-10-10 08:56:44.517724','Bộ Quần Áo Thể Thao Nam Mùa Hè','Bộ Quần Áo Thể Thao Nam Mùa Hè',6252087.00,7000,7,3,'ACTIVE'),(72,'2025-10-10 08:56:44.528850','Bộ Scrubs bác sĩ Minh Minh hàng cao cấp','Bộ Scrubs bác sĩ Minh Minh hàng cao cấp',8379683.00,70000,7,3,'ACTIVE'),(73,'2025-10-10 08:56:44.545059','BỘ SHORT NỮ THUN COTTON ÁO THÊU CHỮ','BỘ SHORT NỮ THUN COTTON ÁO THÊU CHỮ',3923869.00,70000,7,3,'ACTIVE'),(74,'2025-10-10 08:56:44.561452','BỘ SHORT NỮ THUN LẠNH CAO CẤP IN 3','BỘ SHORT NỮ THUN LẠNH CAO CẤP IN 3',7545351.00,70000,7,3,'ACTIVE'),(75,'2025-10-10 08:56:44.571177','Bộ thể thao nam dập vân nổi cổ bẻ phong cách hàn quốc','Bộ thể thao nam dập vân nổi cổ bẻ phong cách hàn quốc',7271798.00,70000,7,3,'ACTIVE'),(76,'2025-10-10 08:56:44.581089','BỘ THỂ THAO NỮ THUN COTTON CAO CẤP QUẦN ỐNG SUÔNG','BỘ THỂ THAO NỮ THUN COTTON CAO CẤP QUẦN ỐNG SUÔNG',2331525.00,70000,7,3,'ACTIVE'),(77,'2025-10-10 08:56:44.587092','vn-11134207-7r98o-lywgormrwnmp80','vn-11134207-7r98o-lywgormrwnmp80',6164584.00,70000,7,3,'ACTIVE'),(78,'2025-10-10 08:56:44.597145','Bộ Cây Máy Tính Văn Phòng Chơi Game','Bộ Cây Máy Tính Văn Phòng Chơi Game',3231807.00,70000,3,3,'ACTIVE'),(79,'2025-10-10 08:56:44.615001','Bộ Máy Tính AKPC-GM02','Bộ Máy Tính AKPC-GM02',3988759.00,70000,3,3,'ACTIVE'),(80,'2025-10-10 08:56:44.622474','Bộ Máy Tính i3 9100F Gaming Nhẹ','Bộ Máy Tính i3 9100F Gaming Nhẹ',9317075.00,70000,3,3,'ACTIVE'),(81,'2025-10-10 08:56:44.629657','Bộ PC Gaming Intel Core i5-12400F','Bộ PC Gaming Intel Core i5-12400F',5826741.00,70000,3,3,'ACTIVE'),(82,'2025-10-10 08:56:44.635914','Full Bộ Máy Tính PC Core i5, i7','Full Bộ Máy Tính PC Core i5, i7',6033068.00,70000,3,3,'ACTIVE'),(83,'2025-10-10 08:56:44.645507','Khái niệm về 7 phần cứng cơ bản trên mọi máy tính','Khái niệm về 7 phần cứng cơ bản trên mọi máy tính',2764186.00,70000,3,3,'ACTIVE'),(84,'2025-10-10 08:56:44.654934','Laptop Gaming Lenovo Legion','Laptop Gaming Lenovo Legion',495552.00,70000,3,3,'ACTIVE'),(85,'2025-10-10 08:56:44.660940','Bộ Máy Tính i3 9100F Gaming Nhẹ','Bộ Máy Tính i3 9100F Gaming Nhẹ',-1324355.90,70000,3,3,'ACTIVE'),(86,'2025-10-10 08:56:44.669144','Bộ PC Gaming Intel Core i5-12400F','Bộ PC Gaming Intel Core i5-12400F',-3394916.00,70000,3,3,'ACTIVE'),(87,'2025-10-10 08:56:44.683324','Full Bộ Máy Tính PC Core i5, i8','Full Bộ Máy Tính PC Core i5, i8',-5465476.10,70000,3,3,'ACTIVE'),(88,'2025-10-10 08:56:44.697854','Khái niệm về 7 phần cứng cơ bản trên mọi máy tính','Khái niệm về 7 phần cứng cơ bản trên mọi máy tính',-7536036.20,70000,3,3,'ACTIVE'),(89,'2025-10-10 08:56:44.727174','Laptop Gaming Lenovo Legion','Laptop Gaming Lenovo Legion',-9606596.30,70000,3,3,'ACTIVE'),(90,'2025-10-10 08:56:44.746305','Bộ Máy Tính i3 9100F Gaming Nhẹ','Bộ Máy Tính i3 9100F Gaming Nhẹ',-11677156.40,70000,3,3,'ACTIVE'),(91,'2025-10-10 08:56:44.773026','Bộ PC Gaming Intel Core i5-12400F','Bộ PC Gaming Intel Core i5-12400F',-13747716.50,70000,3,3,'ACTIVE'),(92,'2025-10-10 08:56:44.779982','Full Bộ Máy Tính PC Core i5, i9','Full Bộ Máy Tính PC Core i5, i9',-15818276.60,70000,3,3,'ACTIVE'),(93,'2025-10-10 08:56:44.789941','Khái niệm về 7 phần cứng cơ bản trên mọi máy tính','Khái niệm về 7 phần cứng cơ bản trên mọi máy tính',-17888836.70,70000,3,3,'ACTIVE'),(94,'2025-10-10 08:56:44.803668','Laptop Gaming Lenovo Legion','Laptop Gaming Lenovo Legion',-19959396.80,70000,3,3,'ACTIVE'),(95,'2025-10-10 08:56:44.823115','Bộ Quần Áo Thể Thao Nam Mùa Hè','Bộ Quần Áo Thể Thao Nam Mùa Hè',6252087.00,7000,7,3,'ACTIVE'),(96,'2025-10-10 08:56:44.830643','Bộ Scrubs bác sĩ Minh Minh hàng cao cấp','Bộ Scrubs bác sĩ Minh Minh hàng cao cấp',8379683.00,70000,7,3,'ACTIVE'),(97,'2025-10-10 08:56:44.836191','BỘ SHORT NỮ THUN COTTON ÁO THÊU CHỮ','BỘ SHORT NỮ THUN COTTON ÁO THÊU CHỮ',3923869.00,70000,7,3,'ACTIVE'),(98,'2025-10-10 08:56:44.843232','BỘ SHORT NỮ THUN LẠNH CAO CẤP IN 3','BỘ SHORT NỮ THUN LẠNH CAO CẤP IN 3',7545351.00,70000,7,3,'ACTIVE'),(99,'2025-10-10 08:56:44.849240','Bộ thể thao nam dập vân nổi cổ bẻ phong cách hàn quốc','Bộ thể thao nam dập vân nổi cổ bẻ phong cách hàn quốc',7271798.00,70000,7,3,'ACTIVE'),(100,'2025-10-10 08:56:44.858870','BỘ THỂ THAO NỮ THUN COTTON CAO CẤP QUẦN ỐNG SUÔNG','BỘ THỂ THAO NỮ THUN COTTON CAO CẤP QUẦN ỐNG SUÔNG',2331525.00,70000,7,3,'ACTIVE'),(101,'2025-10-10 08:56:44.866027','vn-11134207-7r98o-lywgormrwnmp80','vn-11134207-7r98o-lywgormrwnmp80',6164584.00,70000,7,3,'ACTIVE'),(102,'2025-10-10 08:56:44.871525','Bộ Quần Áo Thể Thao Nam Mùa Hè','Bộ Quần Áo Thể Thao Nam Mùa Hè',6252087.00,7000,7,3,'ACTIVE'),(103,'2025-10-10 08:56:44.878900','Bộ Scrubs bác sĩ Minh Minh hàng cao cấp','Bộ Scrubs bác sĩ Minh Minh hàng cao cấp',8379683.00,70000,7,3,'ACTIVE'),(104,'2025-10-10 08:56:44.884414','BỘ SHORT NỮ THUN COTTON ÁO THÊU CHỮ','BỘ SHORT NỮ THUN COTTON ÁO THÊU CHỮ',3923869.00,70000,7,3,'ACTIVE'),(105,'2025-10-10 08:56:44.891334','BỘ SHORT NỮ THUN LẠNH CAO CẤP IN 3','BỘ SHORT NỮ THUN LẠNH CAO CẤP IN 3',7545351.00,70000,7,3,'ACTIVE'),(106,'2025-10-10 08:56:44.903532','Bộ thể thao nam dập vân nổi cổ bẻ phong cách hàn quốc','Bộ thể thao nam dập vân nổi cổ bẻ phong cách hàn quốc',7271798.00,70000,7,3,'ACTIVE'),(107,'2025-10-10 08:56:44.907631','BỘ THỂ THAO NỮ THUN COTTON CAO CẤP QUẦN ỐNG SUÔNG','BỘ THỂ THAO NỮ THUN COTTON CAO CẤP QUẦN ỐNG SUÔNG',2331525.00,70000,7,3,'ACTIVE'),(108,'2025-10-10 08:56:44.912263','vn-11134207-7r98o-lywgormrwnmp80','vn-11134207-7r98o-lywgormrwnmp80',6164584.00,70000,7,3,'ACTIVE'),(109,'2025-10-10 08:56:44.918399','iPhone 16 512GB','iPhone 16 512GB',1778166.00,100000,10,3,'ACTIVE'),(110,'2025-10-10 08:56:44.922060','Điện Thoại iPhone 11 128GB Xanh Lá','Điện Thoại iPhone 11 128GB Xanh Lá',6180283.00,1000000,10,3,'ACTIVE'),(111,'2025-10-10 08:56:44.932567','Điện Thoại iPhone 13 Pro 128GB','Điện Thoại iPhone 13 Pro 128GB',8765923.00,100000,10,3,'ACTIVE'),(112,'2025-10-10 08:56:44.939051','Điện thoại iPhone 14 Pro Max 512GB','Điện thoại iPhone 14 Pro Max 512GB',9456043.00,10000000,10,3,'ACTIVE'),(113,'2025-10-10 08:56:44.947005','Điện Thoại OPPO A17','Điện Thoại OPPO A17',2285402.00,10000,10,3,'ACTIVE'),(114,'2025-10-10 08:56:44.951017','Điện Thoại Samsung Galaxy A14 5G','Điện Thoại Samsung Galaxy A14 5G',7781064.00,10000000,10,3,'ACTIVE'),(115,'2025-10-10 08:56:44.959456','Điện Thoại Samsung Galaxy A54 5G','Điện Thoại Samsung Galaxy A54 5G',7437532.00,10000,10,3,'ACTIVE'),(116,'2025-10-10 08:56:44.969541','Điện thoại Xiaomi Redmi Note 11','Điện thoại Xiaomi Redmi Note 11',6293611.00,100000,10,3,'ACTIVE'),(117,'2025-10-10 08:56:44.977070','iPhone 16 512GB','iPhone 16 512GB',1778166.00,100000,10,3,'ACTIVE'),(118,'2025-10-10 08:56:44.981710','Điện Thoại iPhone 11 128GB Xanh Lá','Điện Thoại iPhone 11 128GB Xanh Lá',6180283.00,1000000,10,3,'ACTIVE'),(119,'2025-10-10 08:56:44.987361','Điện Thoại iPhone 13 Pro 128GB','Điện Thoại iPhone 13 Pro 128GB',8765923.00,100000,10,3,'ACTIVE'),(120,'2025-10-10 08:56:44.992103','Điện thoại iPhone 14 Pro Max 512GB','Điện thoại iPhone 14 Pro Max 512GB',9456043.00,10000000,10,3,'ACTIVE'),(121,'2025-10-10 08:56:44.997134','Điện Thoại OPPO A17','Điện Thoại OPPO A17',2285402.00,10000,10,3,'ACTIVE'),(122,'2025-10-10 08:56:45.002791','Điện Thoại Samsung Galaxy A14 5G','Điện Thoại Samsung Galaxy A14 5G',7781064.00,10000000,10,3,'ACTIVE'),(123,'2025-10-10 08:56:45.007451','Điện Thoại Samsung Galaxy A54 5G','Điện Thoại Samsung Galaxy A54 5G',7437532.00,10000,10,3,'ACTIVE'),(124,'2025-10-10 08:56:45.010989','Điện thoại Xiaomi Redmi Note 11','Điện thoại Xiaomi Redmi Note 11',6293611.00,100000,10,3,'ACTIVE'),(125,'2025-10-10 08:56:45.018096','iPhone 16 512GB','iPhone 16 512GB',1778166.00,100000,10,3,'ACTIVE'),(126,'2025-10-10 08:56:45.023642','Điện Thoại iPhone 11 128GB Xanh Lá','Điện Thoại iPhone 11 128GB Xanh Lá',6180283.00,1000000,10,3,'ACTIVE'),(127,'2025-10-10 08:56:45.027646','Điện Thoại iPhone 13 Pro 128GB','Điện Thoại iPhone 13 Pro 128GB',8765923.00,100000,10,3,'ACTIVE'),(128,'2025-10-10 08:56:45.033096','Điện thoại iPhone 14 Pro Max 512GB','Điện thoại iPhone 14 Pro Max 512GB',9456043.00,10000000,10,3,'ACTIVE'),(129,'2025-10-10 08:56:45.039275','Điện Thoại OPPO A17','Điện Thoại OPPO A17',2285402.00,10000,10,3,'ACTIVE'),(130,'2025-10-10 08:56:45.045978','Điện Thoại Samsung Galaxy A14 5G','Điện Thoại Samsung Galaxy A14 5G',7781064.00,10000000,10,3,'ACTIVE'),(131,'2025-10-10 08:56:45.052515','Điện Thoại Samsung Galaxy A54 5G','Điện Thoại Samsung Galaxy A54 5G',7437532.00,10000,10,3,'ACTIVE'),(132,'2025-10-10 08:56:45.059229','Điện thoại Xiaomi Redmi Note 11','Điện thoại Xiaomi Redmi Note 11',6293611.00,100000,10,3,'ACTIVE'),(133,'2025-10-10 08:56:45.065747','Bộ Cây Máy Tính Văn Phòng Chơi Game','Bộ Cây Máy Tính Văn Phòng Chơi Game',3231807.00,70000,3,3,'ACTIVE'),(134,'2025-10-10 08:56:45.070801','Bộ Máy Tính AKPC-GM02','Bộ Máy Tính AKPC-GM02',3988759.00,70000,3,3,'ACTIVE'),(135,'2025-10-10 08:56:45.075296','Bộ Máy Tính i3 9100F Gaming Nhẹ','Bộ Máy Tính i3 9100F Gaming Nhẹ',9317075.00,70000,3,3,'ACTIVE'),(136,'2025-10-10 08:56:45.085920','Bộ PC Gaming Intel Core i5-12400F','Bộ PC Gaming Intel Core i5-12400F',5826741.00,70000,3,3,'ACTIVE'),(137,'2025-10-10 08:56:45.090922','Full Bộ Máy Tính PC Core i5, i7','Full Bộ Máy Tính PC Core i5, i7',6033068.00,70000,3,3,'ACTIVE'),(138,'2025-10-10 08:56:45.094556','Khái niệm về 7 phần cứng cơ bản trên mọi máy tính','Khái niệm về 7 phần cứng cơ bản trên mọi máy tính',2764186.00,70000,3,3,'ACTIVE'),(139,'2025-10-10 08:56:45.100072','Laptop Gaming Lenovo Legion','Laptop Gaming Lenovo Legion',495552.00,70000,3,3,'ACTIVE'),(140,'2025-10-10 08:56:45.105154','Bộ Máy Tính i3 9100F Gaming Nhẹ','Bộ Máy Tính i3 9100F Gaming Nhẹ',-1324355.90,70000,3,3,'ACTIVE'),(141,'2025-10-10 08:56:45.108731','Bộ PC Gaming Intel Core i5-12400F','Bộ PC Gaming Intel Core i5-12400F',-3394916.00,70000,3,3,'ACTIVE'),(142,'2025-10-10 08:56:45.113315','Full Bộ Máy Tính PC Core i5, i8','Full Bộ Máy Tính PC Core i5, i8',-5465476.10,70000,3,3,'ACTIVE'),(143,'2025-10-10 08:56:45.118314','Khái niệm về 7 phần cứng cơ bản trên mọi máy tính','Khái niệm về 7 phần cứng cơ bản trên mọi máy tính',-7536036.20,70000,3,3,'ACTIVE'),(144,'2025-10-10 08:56:45.124880','Laptop Gaming Lenovo Legion','Laptop Gaming Lenovo Legion',-9606596.30,70000,3,3,'ACTIVE'),(145,'2025-10-10 08:56:45.130772','Bộ Máy Tính i3 9100F Gaming Nhẹ','Bộ Máy Tính i3 9100F Gaming Nhẹ',-11677156.40,70000,3,3,'ACTIVE'),(146,'2025-10-10 08:56:45.136478','Bộ PC Gaming Intel Core i5-12400F','Bộ PC Gaming Intel Core i5-12400F',-13747716.50,70000,3,3,'ACTIVE'),(147,'2025-10-10 08:56:45.142414','Full Bộ Máy Tính PC Core i5, i9','Full Bộ Máy Tính PC Core i5, i9',-15818276.60,70000,3,3,'ACTIVE'),(148,'2025-10-10 08:56:45.148501','Khái niệm về 7 phần cứng cơ bản trên mọi máy tính','Khái niệm về 7 phần cứng cơ bản trên mọi máy tính',-17888836.70,70000,3,3,'ACTIVE'),(149,'2025-10-10 08:56:45.154131','Laptop Gaming Lenovo Legion','Laptop Gaming Lenovo Legion',-19959396.80,70000,3,3,'ACTIVE'),(150,'2025-10-10 08:56:45.161658','iPhone 16 512GB','iPhone 16 512GB',1778166.00,100000,10,3,'ACTIVE'),(151,'2025-10-10 08:56:45.166794','Điện Thoại iPhone 11 128GB Xanh Lá','Điện Thoại iPhone 11 128GB Xanh Lá',6180283.00,1000000,10,3,'ACTIVE'),(152,'2025-10-10 08:56:45.170888','Điện Thoại iPhone 13 Pro 128GB','Điện Thoại iPhone 13 Pro 128GB',8765923.00,100000,10,3,'ACTIVE'),(153,'2025-10-10 08:56:45.176601','Điện thoại iPhone 14 Pro Max 512GB','Điện thoại iPhone 14 Pro Max 512GB',9456043.00,10000000,10,3,'ACTIVE'),(154,'2025-10-10 08:56:45.183156','Điện Thoại OPPO A17','Điện Thoại OPPO A17',2285402.00,10000,10,3,'ACTIVE'),(155,'2025-10-10 08:56:45.189649','Điện Thoại Samsung Galaxy A14 5G','Điện Thoại Samsung Galaxy A14 5G',7781064.00,10000000,10,3,'ACTIVE'),(156,'2025-10-10 08:56:45.195299','Điện Thoại Samsung Galaxy A54 5G','Điện Thoại Samsung Galaxy A54 5G',7437532.00,10000,10,3,'ACTIVE'),(157,'2025-10-10 08:56:45.199401','Điện thoại Xiaomi Redmi Note 11','Điện thoại Xiaomi Redmi Note 11',6293611.00,100000,10,3,'ACTIVE'),(158,'2025-10-10 08:56:45.205135','Bộ Quần Áo Thể Thao Nam Mùa Hè','Bộ Quần Áo Thể Thao Nam Mùa Hè',6252087.00,7000,7,3,'ACTIVE'),(159,'2025-10-10 08:56:45.210079','Bộ Scrubs bác sĩ Minh Minh hàng cao cấp','Bộ Scrubs bác sĩ Minh Minh hàng cao cấp',8379683.00,70000,7,3,'ACTIVE'),(160,'2025-10-10 08:56:45.214541','BỘ SHORT NỮ THUN COTTON ÁO THÊU CHỮ','BỘ SHORT NỮ THUN COTTON ÁO THÊU CHỮ',3923869.00,70000,7,3,'ACTIVE'),(161,'2025-10-10 08:56:45.219001','BỘ SHORT NỮ THUN LẠNH CAO CẤP IN 3','BỘ SHORT NỮ THUN LẠNH CAO CẤP IN 3',7545351.00,70000,7,3,'ACTIVE'),(162,'2025-10-10 08:56:45.224415','Bộ thể thao nam dập vân nổi cổ bẻ phong cách hàn quốc','Bộ thể thao nam dập vân nổi cổ bẻ phong cách hàn quốc',7271798.00,70000,7,3,'ACTIVE'),(163,'2025-10-10 08:56:45.227515','BỘ THỂ THAO NỮ THUN COTTON CAO CẤP QUẦN ỐNG SUÔNG','BỘ THỂ THAO NỮ THUN COTTON CAO CẤP QUẦN ỐNG SUÔNG',2331525.00,70000,7,3,'ACTIVE'),(164,'2025-10-10 08:56:45.231055','vn-11134207-7r98o-lywgormrwnmp80','vn-11134207-7r98o-lywgormrwnmp80',6164584.00,70000,7,3,'ACTIVE'),(165,'2025-10-10 08:56:45.235638','iPhone 16 512GB','iPhone 16 512GB',1778166.00,100000,10,3,'ACTIVE'),(166,'2025-10-10 08:56:45.240159','Điện Thoại iPhone 11 128GB Xanh Lá','Điện Thoại iPhone 11 128GB Xanh Lá',6180283.00,1000000,10,3,'ACTIVE'),(167,'2025-10-10 08:56:45.244434','Điện Thoại iPhone 13 Pro 128GB','Điện Thoại iPhone 13 Pro 128GB',8765923.00,100000,10,3,'ACTIVE'),(168,'2025-10-10 08:56:45.247434','Điện thoại iPhone 14 Pro Max 512GB','Điện thoại iPhone 14 Pro Max 512GB',9456043.00,10000000,10,3,'ACTIVE'),(169,'2025-10-10 08:56:45.253633','Điện Thoại OPPO A17','Điện Thoại OPPO A17',2285402.00,10000,10,3,'ACTIVE'),(170,'2025-10-10 08:56:45.258563','Điện Thoại Samsung Galaxy A14 5G','Điện Thoại Samsung Galaxy A14 5G',7781064.00,10000000,10,3,'ACTIVE'),(171,'2025-10-10 08:56:45.262042','Điện Thoại Samsung Galaxy A54 5G','Điện Thoại Samsung Galaxy A54 5G',7437532.00,10000,10,3,'ACTIVE'),(172,'2025-10-10 08:56:45.267519','Điện thoại Xiaomi Redmi Note 11','Điện thoại Xiaomi Redmi Note 11',6293611.00,100000,10,3,'ACTIVE'),(173,'2025-10-10 08:56:45.271298','Bộ Quần Áo Thể Thao Nam Mùa Hè','Bộ Quần Áo Thể Thao Nam Mùa Hè',6252087.00,7000,7,3,'ACTIVE'),(174,'2025-10-10 08:56:45.275319','Bộ Scrubs bác sĩ Minh Minh hàng cao cấp','Bộ Scrubs bác sĩ Minh Minh hàng cao cấp',8379683.00,70000,7,3,'ACTIVE'),(175,'2025-10-10 08:56:45.279305','BỘ SHORT NỮ THUN COTTON ÁO THÊU CHỮ','BỘ SHORT NỮ THUN COTTON ÁO THÊU CHỮ',3923869.00,70000,7,3,'ACTIVE'),(176,'2025-10-10 08:56:45.283870','BỘ SHORT NỮ THUN LẠNH CAO CẤP IN 3','BỘ SHORT NỮ THUN LẠNH CAO CẤP IN 3',7545351.00,70000,7,3,'ACTIVE'),(177,'2025-10-10 08:56:45.287886','Bộ thể thao nam dập vân nổi cổ bẻ phong cách hàn quốc','Bộ thể thao nam dập vân nổi cổ bẻ phong cách hàn quốc',7271798.00,70000,7,3,'ACTIVE'),(178,'2025-10-10 08:56:45.292232','BỘ THỂ THAO NỮ THUN COTTON CAO CẤP QUẦN ỐNG SUÔNG','BỘ THỂ THAO NỮ THUN COTTON CAO CẤP QUẦN ỐNG SUÔNG',2331525.00,70000,7,3,'ACTIVE'),(179,'2025-10-10 08:56:45.299242','vn-11134207-7r98o-lywgormrwnmp80','vn-11134207-7r98o-lywgormrwnmp80',6164584.00,70000,7,3,'ACTIVE'),(180,'2025-10-10 08:56:45.302817','Bộ Cây Máy Tính Văn Phòng Chơi Game','Bộ Cây Máy Tính Văn Phòng Chơi Game',3231807.00,70000,3,3,'ACTIVE'),(181,'2025-10-10 08:56:45.308071','Bộ Máy Tính AKPC-GM02','Bộ Máy Tính AKPC-GM02',3988759.00,70000,3,3,'ACTIVE'),(182,'2025-10-10 08:56:45.310748','Bộ Máy Tính i3 9100F Gaming Nhẹ','Bộ Máy Tính i3 9100F Gaming Nhẹ',9317075.00,70000,3,3,'ACTIVE'),(183,'2025-10-10 08:56:45.315797','Bộ PC Gaming Intel Core i5-12400F','Bộ PC Gaming Intel Core i5-12400F',5826741.00,70000,3,3,'ACTIVE'),(184,'2025-10-10 08:56:45.320761','Full Bộ Máy Tính PC Core i5, i7','Full Bộ Máy Tính PC Core i5, i7',6033068.00,70000,3,3,'ACTIVE'),(185,'2025-10-10 08:56:45.324217','Khái niệm về 7 phần cứng cơ bản trên mọi máy tính','Khái niệm về 7 phần cứng cơ bản trên mọi máy tính',2764186.00,70000,3,3,'ACTIVE'),(186,'2025-10-10 08:56:45.328829','Laptop Gaming Lenovo Legion','Laptop Gaming Lenovo Legion',495552.00,70000,3,3,'ACTIVE'),(187,'2025-10-10 08:56:45.334249','Bộ Máy Tính i3 9100F Gaming Nhẹ','Bộ Máy Tính i3 9100F Gaming Nhẹ',-1324355.90,70000,3,3,'ACTIVE'),(188,'2025-10-10 08:56:45.338342','Bộ PC Gaming Intel Core i5-12400F','Bộ PC Gaming Intel Core i5-12400F',-3394916.00,70000,3,3,'ACTIVE'),(189,'2025-10-10 08:56:45.342566','Full Bộ Máy Tính PC Core i5, i8','Full Bộ Máy Tính PC Core i5, i8',-5465476.10,70000,3,3,'ACTIVE'),(190,'2025-10-10 08:56:45.347264','Khái niệm về 7 phần cứng cơ bản trên mọi máy tính','Khái niệm về 7 phần cứng cơ bản trên mọi máy tính',-7536036.20,70000,3,3,'ACTIVE'),(191,'2025-10-10 08:56:45.354884','Laptop Gaming Lenovo Legion','Laptop Gaming Lenovo Legion',-9606596.30,70000,3,3,'ACTIVE'),(192,'2025-10-10 08:56:45.358607','Bộ Máy Tính i3 9100F Gaming Nhẹ','Bộ Máy Tính i3 9100F Gaming Nhẹ',-11677156.40,70000,3,3,'ACTIVE'),(193,'2025-10-10 08:56:45.362760','Bộ PC Gaming Intel Core i5-12400F','Bộ PC Gaming Intel Core i5-12400F',-13747716.50,70000,3,3,'ACTIVE'),(194,'2025-10-10 08:56:45.366766','Full Bộ Máy Tính PC Core i5, i9','Full Bộ Máy Tính PC Core i5, i9',-15818276.60,70000,3,3,'ACTIVE'),(195,'2025-10-10 08:56:45.371370','Khái niệm về 7 phần cứng cơ bản trên mọi máy tính','Khái niệm về 7 phần cứng cơ bản trên mọi máy tính',-17888836.70,70000,3,3,'ACTIVE'),(196,'2025-10-10 08:56:45.377372','Laptop Gaming Lenovo Legion','Laptop Gaming Lenovo Legion',-19959396.80,70000,3,3,'ACTIVE'),(197,'2025-10-10 08:56:45.382990','Bộ Quần Áo Thể Thao Nam Mùa Hè','Bộ Quần Áo Thể Thao Nam Mùa Hè',6252087.00,7000,7,3,'ACTIVE'),(198,'2025-10-10 08:56:45.387040','Bộ Scrubs bác sĩ Minh Minh hàng cao cấp','Bộ Scrubs bác sĩ Minh Minh hàng cao cấp',8379683.00,70000,7,3,'ACTIVE'),(199,'2025-10-10 08:56:45.396041','BỘ SHORT NỮ THUN COTTON ÁO THÊU CHỮ','BỘ SHORT NỮ THUN COTTON ÁO THÊU CHỮ',3923869.00,70000,7,3,'ACTIVE'),(200,'2025-10-10 08:56:45.401757','BỘ SHORT NỮ THUN LẠNH CAO CẤP IN 3','BỘ SHORT NỮ THUN LẠNH CAO CẤP IN 3',7545351.00,70000,7,3,'ACTIVE'),(201,'2025-10-10 08:56:45.405875','Bộ thể thao nam dập vân nổi cổ bẻ phong cách hàn quốc','Bộ thể thao nam dập vân nổi cổ bẻ phong cách hàn quốc',7271798.00,70000,7,3,'ACTIVE'),(202,'2025-10-10 08:56:45.411057','BỘ THỂ THAO NỮ THUN COTTON CAO CẤP QUẦN ỐNG SUÔNG','BỘ THỂ THAO NỮ THUN COTTON CAO CẤP QUẦN ỐNG SUÔNG',2331525.00,70000,7,3,'ACTIVE'),(203,'2025-10-10 08:56:45.417858','vn-11134207-7r98o-lywgormrwnmp80','vn-11134207-7r98o-lywgormrwnmp80',6164584.00,70000,7,3,'ACTIVE'),(204,'2025-10-10 08:56:45.424067','Bộ Quần Áo Thể Thao Nam Mùa Hè','Bộ Quần Áo Thể Thao Nam Mùa Hè',6252087.00,7000,7,3,'ACTIVE'),(205,'2025-10-10 08:56:45.426959','Bộ Scrubs bác sĩ Minh Minh hàng cao cấp','Bộ Scrubs bác sĩ Minh Minh hàng cao cấp',8379683.00,70000,7,3,'ACTIVE'),(206,'2025-10-10 08:56:45.431535','BỘ SHORT NỮ THUN COTTON ÁO THÊU CHỮ','BỘ SHORT NỮ THUN COTTON ÁO THÊU CHỮ',3923869.00,70000,7,3,'ACTIVE'),(207,'2025-10-10 08:56:45.434531','BỘ SHORT NỮ THUN LẠNH CAO CẤP IN 3','BỘ SHORT NỮ THUN LẠNH CAO CẤP IN 3',7545351.00,70000,7,3,'ACTIVE'),(208,'2025-10-10 08:56:45.439031','Bộ thể thao nam dập vân nổi cổ bẻ phong cách hàn quốc','Bộ thể thao nam dập vân nổi cổ bẻ phong cách hàn quốc',7271798.00,70000,7,3,'ACTIVE'),(209,'2025-10-10 08:56:45.442554','BỘ THỂ THAO NỮ THUN COTTON CAO CẤP QUẦN ỐNG SUÔNG','BỘ THỂ THAO NỮ THUN COTTON CAO CẤP QUẦN ỐNG SUÔNG',2331525.00,70000,7,3,'ACTIVE'),(210,'2025-10-10 08:56:45.447642','vn-11134207-7r98o-lywgormrwnmp80','vn-11134207-7r98o-lywgormrwnmp80',6164584.00,70000,7,3,'ACTIVE'),(211,'2025-10-10 08:56:45.454292','iPhone 16 512GB','iPhone 16 512GB',1778166.00,100000,10,3,'ACTIVE'),(212,'2025-10-10 08:56:45.459257','Điện Thoại iPhone 11 128GB Xanh Lá','Điện Thoại iPhone 11 128GB Xanh Lá',6180283.00,1000000,10,3,'ACTIVE'),(213,'2025-10-10 08:56:45.462227','Điện Thoại iPhone 13 Pro 128GB','Điện Thoại iPhone 13 Pro 128GB',8765923.00,100000,10,3,'ACTIVE'),(214,'2025-10-10 08:56:45.466328','Điện thoại iPhone 14 Pro Max 512GB','Điện thoại iPhone 14 Pro Max 512GB',9456043.00,10000000,10,3,'ACTIVE'),(215,'2025-10-10 08:56:45.469261','Điện Thoại OPPO A17','Điện Thoại OPPO A17',2285402.00,10000,10,3,'ACTIVE'),(216,'2025-10-10 08:56:45.474675','Điện Thoại Samsung Galaxy A14 5G','Điện Thoại Samsung Galaxy A14 5G',7781064.00,10000000,10,3,'ACTIVE'),(217,'2025-10-10 08:56:45.479682','Điện Thoại Samsung Galaxy A54 5G','Điện Thoại Samsung Galaxy A54 5G',7437532.00,10000,10,3,'ACTIVE'),(218,'2025-10-10 08:56:45.483391','Điện thoại Xiaomi Redmi Note 11','Điện thoại Xiaomi Redmi Note 11',6293611.00,100000,10,3,'ACTIVE'),(219,'2025-10-10 08:56:45.489049','iPhone 16 512GB','iPhone 16 512GB',1778166.00,100000,10,3,'ACTIVE'),(220,'2025-10-10 08:56:45.494179','Điện Thoại iPhone 11 128GB Xanh Lá','Điện Thoại iPhone 11 128GB Xanh Lá',6180283.00,1000000,10,3,'ACTIVE'),(221,'2025-10-10 08:56:45.497264','Điện Thoại iPhone 13 Pro 128GB','Điện Thoại iPhone 13 Pro 128GB',8765923.00,100000,10,3,'ACTIVE'),(222,'2025-10-10 08:56:45.502427','Điện thoại iPhone 14 Pro Max 512GB','Điện thoại iPhone 14 Pro Max 512GB',9456043.00,10000000,10,3,'ACTIVE'),(223,'2025-10-10 08:56:45.507414','Điện Thoại OPPO A17','Điện Thoại OPPO A17',2285402.00,10000,10,3,'ACTIVE'),(224,'2025-10-10 08:56:45.511421','Điện Thoại Samsung Galaxy A14 5G','Điện Thoại Samsung Galaxy A14 5G',7781064.00,10000000,10,3,'ACTIVE'),(225,'2025-10-10 08:56:45.518122','Điện Thoại Samsung Galaxy A54 5G','Điện Thoại Samsung Galaxy A54 5G',7437532.00,10000,10,3,'ACTIVE'),(226,'2025-10-10 08:56:45.524553','Điện thoại Xiaomi Redmi Note 11','Điện thoại Xiaomi Redmi Note 11',6293611.00,100000,10,3,'ACTIVE'),(227,'2025-10-10 08:56:45.529877','iPhone 16 512GB','iPhone 16 512GB',1778166.00,100000,10,3,'ACTIVE'),(228,'2025-10-10 08:56:45.536525','Điện Thoại iPhone 11 128GB Xanh Lá','Điện Thoại iPhone 11 128GB Xanh Lá',6180283.00,1000000,10,3,'ACTIVE'),(229,'2025-10-10 08:56:45.543728','Điện Thoại iPhone 13 Pro 128GB','Điện Thoại iPhone 13 Pro 128GB',8765923.00,100000,10,3,'ACTIVE'),(230,'2025-10-10 08:56:45.549691','Điện thoại iPhone 14 Pro Max 512GB','Điện thoại iPhone 14 Pro Max 512GB',9456043.00,10000000,10,3,'ACTIVE'),(231,'2025-10-10 08:56:45.553393','Điện Thoại OPPO A17','Điện Thoại OPPO A17',2285402.00,10000,10,3,'ACTIVE'),(232,'2025-10-10 08:56:45.557298','Điện Thoại Samsung Galaxy A14 5G','Điện Thoại Samsung Galaxy A14 5G',7781064.00,10000000,10,3,'ACTIVE'),(233,'2025-10-10 08:56:45.561924','Điện Thoại Samsung Galaxy A54 5G','Điện Thoại Samsung Galaxy A54 5G',7437532.00,10000,10,3,'ACTIVE'),(234,'2025-10-10 08:56:45.570893','Điện thoại Xiaomi Redmi Note 11','Điện thoại Xiaomi Redmi Note 11',6293611.00,100000,10,3,'ACTIVE'),(235,'2025-10-10 08:56:45.576974','Bộ Cây Máy Tính Văn Phòng Chơi Game','Bộ Cây Máy Tính Văn Phòng Chơi Game',3231807.00,70000,3,3,'ACTIVE'),(236,'2025-10-10 08:56:45.580454','Bộ Máy Tính AKPC-GM02','Bộ Máy Tính AKPC-GM02',3988759.00,70000,3,3,'ACTIVE'),(237,'2025-10-10 08:56:45.585946','Bộ Máy Tính i3 9100F Gaming Nhẹ','Bộ Máy Tính i3 9100F Gaming Nhẹ',9317075.00,70000,3,3,'ACTIVE'),(238,'2025-10-10 08:56:45.590072','Bộ PC Gaming Intel Core i5-12400F','Bộ PC Gaming Intel Core i5-12400F',5826741.00,70000,3,3,'ACTIVE'),(239,'2025-10-10 08:56:45.595251','Full Bộ Máy Tính PC Core i5, i7','Full Bộ Máy Tính PC Core i5, i7',6033068.00,70000,3,3,'ACTIVE'),(240,'2025-10-10 08:56:45.601147','Khái niệm về 7 phần cứng cơ bản trên mọi máy tính','Khái niệm về 7 phần cứng cơ bản trên mọi máy tính',2764186.00,70000,3,3,'ACTIVE'),(241,'2025-10-10 08:56:45.607319','Laptop Gaming Lenovo Legion','Laptop Gaming Lenovo Legion',495552.00,70000,3,3,'ACTIVE'),(242,'2025-10-10 08:56:45.614872','Bộ Máy Tính i3 9100F Gaming Nhẹ','Bộ Máy Tính i3 9100F Gaming Nhẹ',-1324355.90,70000,3,3,'ACTIVE'),(243,'2025-10-10 08:56:45.619875','Bộ PC Gaming Intel Core i5-12400F','Bộ PC Gaming Intel Core i5-12400F',-3394916.00,70000,3,3,'ACTIVE'),(244,'2025-10-10 08:56:45.624409','Full Bộ Máy Tính PC Core i5, i8','Full Bộ Máy Tính PC Core i5, i8',-5465476.10,70000,3,3,'ACTIVE'),(245,'2025-10-10 08:56:45.629495','Khái niệm về 7 phần cứng cơ bản trên mọi máy tính','Khái niệm về 7 phần cứng cơ bản trên mọi máy tính',-7536036.20,70000,3,3,'ACTIVE'),(246,'2025-10-10 08:56:45.635102','Laptop Gaming Lenovo Legion','Laptop Gaming Lenovo Legion',-9606596.30,70000,3,3,'ACTIVE'),(247,'2025-10-10 08:56:45.645329','Bộ Máy Tính i3 9100F Gaming Nhẹ','Bộ Máy Tính i3 9100F Gaming Nhẹ',-11677156.40,70000,3,3,'ACTIVE'),(248,'2025-10-10 08:56:45.649460','Bộ PC Gaming Intel Core i5-12400F','Bộ PC Gaming Intel Core i5-12400F',-13747716.50,70000,3,3,'ACTIVE'),(249,'2025-10-10 08:56:45.654661','Full Bộ Máy Tính PC Core i5, i9','Full Bộ Máy Tính PC Core i5, i9',-15818276.60,70000,3,3,'ACTIVE'),(250,'2025-10-10 08:56:45.660669','Khái niệm về 7 phần cứng cơ bản trên mọi máy tính','Khái niệm về 7 phần cứng cơ bản trên mọi máy tính',-17888836.70,70000,3,3,'ACTIVE'),(251,'2025-10-10 08:56:45.663276','Laptop Gaming Lenovo Legion','Laptop Gaming Lenovo Legion',-19959396.80,70000,3,3,'ACTIVE'),(252,'2025-10-10 08:56:45.668826','iPhone 16 512GB','iPhone 16 512GB',1778166.00,100000,10,3,'ACTIVE'),(253,'2025-10-10 08:56:45.671494','Điện Thoại iPhone 11 128GB Xanh Lá','Điện Thoại iPhone 11 128GB Xanh Lá',6180283.00,1000000,10,3,'ACTIVE'),(254,'2025-10-10 08:56:45.676587','Điện Thoại iPhone 13 Pro 128GB','Điện Thoại iPhone 13 Pro 128GB',8765923.00,100000,10,3,'ACTIVE'),(255,'2025-10-10 08:56:45.682529','Điện thoại iPhone 14 Pro Max 512GB','Điện thoại iPhone 14 Pro Max 512GB',9456043.00,10000000,10,3,'ACTIVE'),(256,'2025-10-10 08:56:45.694915','Điện Thoại OPPO A17','Điện Thoại OPPO A17',2285402.00,10000,10,3,'ACTIVE'),(257,'2025-10-10 08:56:45.701433','Điện Thoại Samsung Galaxy A14 5G','Điện Thoại Samsung Galaxy A14 5G',7781064.00,10000000,10,3,'ACTIVE'),(258,'2025-10-10 08:56:45.705533','Điện Thoại Samsung Galaxy A54 5G','Điện Thoại Samsung Galaxy A54 5G',7437532.00,10000,10,3,'ACTIVE'),(259,'2025-10-10 08:56:45.711054','Điện thoại Xiaomi Redmi Note 11','Điện thoại Xiaomi Redmi Note 11',6293611.00,100000,10,3,'ACTIVE'),(260,'2025-10-10 08:56:45.716247','Bộ Quần Áo Thể Thao Nam Mùa Hè','Bộ Quần Áo Thể Thao Nam Mùa Hè',6252087.00,7000,7,3,'ACTIVE'),(261,'2025-10-10 08:56:45.722980','Bộ Scrubs bác sĩ Minh Minh hàng cao cấp','Bộ Scrubs bác sĩ Minh Minh hàng cao cấp',8379683.00,70000,7,3,'ACTIVE'),(262,'2025-10-10 08:56:45.728063','BỘ SHORT NỮ THUN COTTON ÁO THÊU CHỮ','BỘ SHORT NỮ THUN COTTON ÁO THÊU CHỮ',3923869.00,70000,7,3,'ACTIVE'),(263,'2025-10-10 08:56:45.732749','BỘ SHORT NỮ THUN LẠNH CAO CẤP IN 3','BỘ SHORT NỮ THUN LẠNH CAO CẤP IN 3',7545351.00,70000,7,3,'ACTIVE'),(264,'2025-10-10 08:56:45.739367','Bộ thể thao nam dập vân nổi cổ bẻ phong cách hàn quốc','Bộ thể thao nam dập vân nổi cổ bẻ phong cách hàn quốc',7271798.00,70000,7,3,'ACTIVE'),(265,'2025-10-10 08:56:45.746154','BỘ THỂ THAO NỮ THUN COTTON CAO CẤP QUẦN ỐNG SUÔNG','BỘ THỂ THAO NỮ THUN COTTON CAO CẤP QUẦN ỐNG SUÔNG',2331525.00,70000,7,3,'ACTIVE'),(266,'2025-10-10 08:56:45.750045','vn-11134207-7r98o-lywgormrwnmp80','vn-11134207-7r98o-lywgormrwnmp80',6164584.00,70000,7,3,'ACTIVE');
/*!40000 ALTER TABLE `products` ENABLE KEYS */;

--
-- Table structure for table `role_has_permission`
--

DROP TABLE IF EXISTS `role_has_permission`;
/*!40101 SET @saved_cs_client     = @@character_set_client */;
/*!50503 SET character_set_client = utf8mb4 */;
CREATE TABLE `role_has_permission` (
  `role_id` bigint NOT NULL,
  `permission_id` bigint NOT NULL,
  PRIMARY KEY (`role_id`,`permission_id`),
  KEY `FK4tkb5h6g9725voio02abkw8cq` (`permission_id`),
  CONSTRAINT `FK4tkb5h6g9725voio02abkw8cq` FOREIGN KEY (`permission_id`) REFERENCES `permissions` (`id`),
  CONSTRAINT `FKl5t2ucrudh92ach6bddb918kp` FOREIGN KEY (`role_id`) REFERENCES `roles` (`id`)
) ENGINE=InnoDB DEFAULT CHARSET=utf8mb4 COLLATE=utf8mb4_0900_ai_ci;
/*!40101 SET character_set_client = @saved_cs_client */;

--
-- Dumping data for table `role_has_permission`
--

/*!40000 ALTER TABLE `role_has_permission` DISABLE KEYS */;
/*!40000 ALTER TABLE `role_has_permission` ENABLE KEYS */;

--
-- Table structure for table `roles`
--

DROP TABLE IF EXISTS `roles`;
/*!40101 SET @saved_cs_client     = @@character_set_client */;
/*!50503 SET character_set_client = utf8mb4 */;
CREATE TABLE `roles` (
  `id` bigint NOT NULL AUTO_INCREMENT,
  `created_at` datetime(6) DEFAULT NULL,
  `name` varchar(255) NOT NULL,
  PRIMARY KEY (`id`)
) ENGINE=InnoDB AUTO_INCREMENT=4 DEFAULT CHARSET=utf8mb4 COLLATE=utf8mb4_0900_ai_ci;
/*!40101 SET character_set_client = @saved_cs_client */;

--
-- Dumping data for table `roles`
--

/*!40000 ALTER TABLE `roles` DISABLE KEYS */;
INSERT INTO `roles` VALUES (1,'2025-08-12 15:57:03.642484','ROLE_ADMIN'),(2,'2025-08-12 15:57:03.731769','Test Role'),(3,'2025-08-12 15:57:03.735269','ROLE_USER');
/*!40000 ALTER TABLE `roles` ENABLE KEYS */;

--
-- Table structure for table `shops`
--

DROP TABLE IF EXISTS `shops`;
/*!40101 SET @saved_cs_client     = @@character_set_client */;
/*!50503 SET character_set_client = utf8mb4 */;
CREATE TABLE `shops` (
  `id` bigint NOT NULL AUTO_INCREMENT,
  `city_id` bigint NOT NULL,
  `district_id` bigint NOT NULL,
  `shipping_address` varchar(255) DEFAULT NULL,
  `shop_name` varchar(255) DEFAULT NULL,
  `ward_code` varchar(255) DEFAULT NULL,
  `owner_id` bigint DEFAULT NULL,
  `email` varchar(255) DEFAULT NULL,
  `status` enum('APPROVED','PENDING','REJECTED') DEFAULT NULL,
  `phone` varchar(255) DEFAULT NULL,
  PRIMARY KEY (`id`),
  UNIQUE KEY `UK6x3im56qg96va2stnwgkk7vtm` (`owner_id`),
  CONSTRAINT `FKrduswa89ayj0poad3l70nag19` FOREIGN KEY (`owner_id`) REFERENCES `users` (`id`)
) ENGINE=InnoDB AUTO_INCREMENT=4 DEFAULT CHARSET=utf8mb4 COLLATE=utf8mb4_0900_ai_ci;
/*!40101 SET character_set_client = @saved_cs_client */;

--
-- Dumping data for table `shops`
--

/*!40000 ALTER TABLE `shops` DISABLE KEYS */;
INSERT INTO `shops` VALUES (3,201,3440,'Test','Shop ADMIN2','590710',1,'abcxyzui@gmail.com','APPROVED','0343921331');
/*!40000 ALTER TABLE `shops` ENABLE KEYS */;

--
-- Table structure for table `user_has_role`
--

DROP TABLE IF EXISTS `user_has_role`;
/*!40101 SET @saved_cs_client     = @@character_set_client */;
/*!50503 SET character_set_client = utf8mb4 */;
CREATE TABLE `user_has_role` (
  `user_id` bigint NOT NULL,
  `role_id` bigint NOT NULL,
  PRIMARY KEY (`user_id`,`role_id`),
  KEY `FKsvvq61v3koh04fycopbjx72hj` (`role_id`),
  CONSTRAINT `FK2dl1ftxlkldulcp934i3125qo` FOREIGN KEY (`user_id`) REFERENCES `users` (`id`),
  CONSTRAINT `FKsvvq61v3koh04fycopbjx72hj` FOREIGN KEY (`role_id`) REFERENCES `roles` (`id`)
) ENGINE=InnoDB DEFAULT CHARSET=utf8mb4 COLLATE=utf8mb4_0900_ai_ci;
/*!40101 SET character_set_client = @saved_cs_client */;

--
-- Dumping data for table `user_has_role`
--

/*!40000 ALTER TABLE `user_has_role` DISABLE KEYS */;
INSERT INTO `user_has_role` VALUES (1,1),(22,1),(5,2),(6,3),(7,3),(8,3),(9,3),(10,3),(11,3),(12,3),(13,3),(14,3),(15,3),(16,3),(17,3),(18,3),(19,3),(20,3),(21,3),(24,3),(25,3),(26,3);
/*!40000 ALTER TABLE `user_has_role` ENABLE KEYS */;

--
-- Table structure for table `users`
--

DROP TABLE IF EXISTS `users`;
/*!40101 SET @saved_cs_client     = @@character_set_client */;
/*!50503 SET character_set_client = utf8mb4 */;
CREATE TABLE `users` (
  `id` bigint NOT NULL AUTO_INCREMENT,
  `created_at` datetime(6) DEFAULT NULL,
  `name` varchar(255) NOT NULL,
  `avatar_url` longtext,
  `email` varchar(255) NOT NULL,
  `password` varchar(255) NOT NULL,
  `refresh_token` longtext,
  PRIMARY KEY (`id`)
) ENGINE=InnoDB AUTO_INCREMENT=27 DEFAULT CHARSET=utf8mb4 COLLATE=utf8mb4_0900_ai_ci;
/*!40101 SET character_set_client = @saved_cs_client */;

--
-- Dumping data for table `users`
--

/*!40000 ALTER TABLE `users` DISABLE KEYS */;
INSERT INTO `users` VALUES (1,'2025-08-10 04:11:07.529648','Minh','https://res.cloudinary.com/dwjqosrrk/image/upload/v1758219857/avatar/ejj10vepfizzic9gxxoy.jpg','admin@gmail.com','$2a$10$MEiu5aNb.8qtRtOZAU.imecVMYA81BAGdfqGnZNy9AtAfYzcKv7Hu','eyJhbGciOiJIUzUxMiJ9.eyJzdWIiOiJhZG1pbkBnbWFpbC5jb20iLCJwZXJtaXNzaW9uIjoiUk9MRV9VU0VSIiwiZXhwIjoxNzYwNjkxMDIyLCJpYXQiOjE3NjAwODYyMjIsInVzZXIiOnsiaWQiOjEsIm5hbWUiOiJNaW5oIiwiZW1haWwiOiJhZG1pbkBnbWFpbC5jb20iLCJyb2xlcyI6W3siaWQiOjEsIm5hbWUiOiJST0xFX0FETUlOIn1dfX0.ybHiQk0GOvJ5vO5U7g5elIO6HKssjKfoCqitrwdgtDnDyvb7m7B0tvUnCj9hfbEXxLq5CJUfQmE_39fIcWZAPQ'),(5,'2025-08-12 16:05:01.354482','Test',NULL,'test@gmail.com','$2a$10$iU3nvQxytgeusAHsYYVAXu22dQN6d7CSl8RVF6C5bwqnW7gJcJjom','eyJhbGciOiJIUzUxMiJ9.eyJzdWIiOiJ0ZXN0QGdtYWlsLmNvbSIsInBlcm1pc3Npb24iOiJST0xFX1VTRVIiLCJleHAiOjE3NTgzMTU3MDMsImlhdCI6MTc1NzcxMDkwMywidXNlciI6eyJpZCI6NSwibmFtZSI6IlRlc3QiLCJlbWFpbCI6InRlc3RAZ21haWwuY29tIiwicm9sZXMiOlt7ImlkIjoyLCJuYW1lIjoiUk9MRV9VU0VSIn1dfX0.xcqZBK-sElApcuvlimD-XIu5IAPwXiL0x4cduKLXdmSVRyBFdw-G5s22IKmP17RS3JXRAYF5u-yN7p4aDprzuA'),(6,'2025-09-13 09:51:49.116787','Minh',NULL,'abc@gmail.com','$2a$10$zqpcRVF3XfD5pyOySsqIm.LesELsViviGJQMC2DN2a0sTMXoDY9tC',NULL),(7,'2025-09-13 09:52:05.373444','Minh',NULL,'abc123@gmail.com','$2a$10$o/p5bYzGhblJAJFKBtC.U.cQXjgA6VUpia5H00HtyZZHemj/LpBhK',NULL),(8,'2025-09-13 09:52:49.499197','Minh',NULL,'ab11c@gmail.com','$2a$10$l4sjcS2C2RVZM2dVxS496ejrRlSXL3NO7nFG8ZvqVkPPLB6o8FXTO',NULL),(9,'2025-09-13 09:55:08.990420','Minh',NULL,'ab12321c@gmail.com','$2a$10$8OvW3P4FxrTDt/gx8sq7tuX42OOIdjVXQ7QAQ0Ps.QZz/r17.IGWa',NULL),(10,'2025-09-13 09:55:51.978238','Minh',NULL,'ab123211c@gmail.com','$2a$10$AwS5oBgPDT2hutzhzMKO2.Bp7cOUxQ1ylzYTr4hfyZ2ywVT/DPPIm',NULL),(11,'2025-09-13 09:56:25.328144','Minh',NULL,'ab123213311c@gmail.com','$2a$10$jW/HhfeyGFZ6zH.bWRZLYuBwNc2sX/YesaiPxJhB4RVtLi33aQA3e',NULL),(12,'2025-09-13 10:08:29.889860','123456',NULL,'admi12412n@gmail.com','$2a$10$7wAag/LN/4c0hKvlAwPMruja5cOsODVAXjALLClSI4QXeHQQEupqG',NULL),(13,'2025-09-13 10:09:06.276306','123456',NULL,'admi112412n@gmail.com','$2a$10$Duk/czk264Qu4BIgCMFE5.V/TuJlP0Oo7y7i/IejBnBhB4ejka.8u',NULL),(14,'2025-09-13 10:16:18.843366','Đặng Minh','https://res.cloudinary.com/dwjqosrrk/image/upload/v1757760514/avatar/u6a8icvfi6kpd6wrult8.png','ad131331min@gmail.com','$2a$10$eiM0JhLL77YT79qxYQs0NOv3kgV2H.8ok1BM6AqIv/ykpe492Hg8i','eyJhbGciOiJIUzUxMiJ9.eyJzdWIiOiJhZDEzMTMzMW1pbkBnbWFpbC5jb20iLCJwZXJtaXNzaW9uIjoiUk9MRV9VU0VSIiwiZXhwIjoxNzU5NDEzNzY1LCJpYXQiOjE3NTg4MDg5NjUsInVzZXIiOnsiaWQiOjE0LCJuYW1lIjoixJDhurduZyBNaW5oIiwiZW1haWwiOiJhZDEzMTMzMW1pbkBnbWFpbC5jb20iLCJyb2xlcyI6W3siaWQiOjMsIm5hbWUiOiJST0xFX1VTRVIifV19fQ.3Rd6ccdv13heroRz-7686jwvpmaPCFcoB3BUCExPMvE_9L6qSOgUkfHkwGV9s7RellQ5A3xO8_T9GKkE_JpBxw'),(15,'2025-09-13 10:18:11.535048','123456',NULL,'ad121131331mi1n@gmail.com','$2a$10$GG7Ind09gaeCqX43wFCWh.dAmjSbkfDdDgurq8oE0W6jv7khHSLyi',NULL),(16,'2025-09-13 10:18:24.138145','123456',NULL,'ad131331mi1n@gmail.com','$2a$10$p7OuHQtpeXqcjcYQLhpVReknsrqUxmCuicL8Z8qxeVqjB0mM7xXzu',NULL),(17,'2025-09-13 10:18:51.563031',' Minh',NULL,'ad1min21@gmail.com','$2a$10$.DF.PLsqWtxw6mQR8FoDG.4CZEZSeQt7Ns3WA44zbwSi1V5x4UODC',NULL),(18,'2025-09-13 10:20:33.969771',' Minh',NULL,'ad1min1221@gmail.com','$2a$10$losNDIXGFpy0SiIykfJmYevInT1A2Ukqm5EOk0Udu6SiFDvVDC/XK',NULL),(19,'2025-09-13 10:20:44.287738',' Minh',NULL,'ad313min@gmail.com','$2a$10$ZtwhSPD28R7z3DN.w.x99emJpBkdx.KFOcJr/qrCrqsmAxPLBa6C.',NULL),(20,'2025-09-13 10:21:11.284038','Minh',NULL,'adm3131in@gmail.com','$2a$10$HHjDay..vE8dTeDW6imkRuaEth/tTrR74j8p71VHqCx2htW475d8C',NULL),(21,'2025-09-13 10:21:21.299801','Minh',NULL,'ad1m31311in@gmail.com','$2a$10$s6gXtSyaKZSV/bfz1/q//u6gmJLelknDZW/hNnwVBpvAUN40JXgZW',NULL),(22,'2025-09-13 10:22:25.135105','Minh',NULL,'ad11m31311in@gmail.com','$2a$10$8uene1TISrruXU665BmDfOX4KrF70tbzvtlw45AMlf2H88Du38m3W',NULL),(23,'2025-09-13 10:22:53.790614',' Minh',NULL,'ad313mi1n@gmail.com','$2a$10$4gDuV7v.P4aHXgWmbpEMYeLBpA2td2NVhuVRomxv6azq9zfyTH6Cu',NULL),(24,'2025-09-13 10:24:14.721857','Minh',NULL,'ad11m311in@gmail.com','$2a$10$QFlSbH87z4Cz0uhGcg9.DeWzk1.XzgAxTslP5pAo1UGKBIu1yqU9.',NULL),(25,'2025-09-13 10:24:27.973935','123456',NULL,'ad11min@gmail.com','$2a$10$18wBQXvMpoLzZJzoItRjReGyamhwSnoKxMQh0dxOhjPr1cXb5jyy.',NULL),(26,'2025-09-13 10:30:33.155689','Minh',NULL,'ad111313mi1n@gmail.com','$2a$10$S5j6BtqEnLpn1qZc8M05n.zVpMlZAEN2a62J3Ima0aPjn68B.IKVq',NULL);
/*!40000 ALTER TABLE `users` ENABLE KEYS */;

--
-- Dumping routines for database 'shopee_clone'
--
/*!40103 SET TIME_ZONE=@OLD_TIME_ZONE */;

/*!40101 SET SQL_MODE=@OLD_SQL_MODE */;
/*!40014 SET FOREIGN_KEY_CHECKS=@OLD_FOREIGN_KEY_CHECKS */;
/*!40014 SET UNIQUE_CHECKS=@OLD_UNIQUE_CHECKS */;
/*!40101 SET CHARACTER_SET_CLIENT=@OLD_CHARACTER_SET_CLIENT */;
/*!40101 SET CHARACTER_SET_RESULTS=@OLD_CHARACTER_SET_RESULTS */;
/*!40101 SET COLLATION_CONNECTION=@OLD_COLLATION_CONNECTION */;
/*!40111 SET SQL_NOTES=@OLD_SQL_NOTES */;

-- Dump completed on 2025-10-10 16:17:55
